id,title
256,"Ленин,_Владимир_Ильич"
1205,"Иванов,_Вячеслав_Иванович"
1206,Зенон_Элейский
1207,"Кант,_Иммануил"
1208,Демокрит
1212,"Гегель,_Георг_Вильгельм_Фридрих"
1213,"Бэкон,_Фрэнсис"
1216,"Беркли,_Джордж"
1217,"Бердяев,_Николай_Александрович"
1218,Аристотель
1219,Анаксимандр
1221,"Кьеркегор,_Сёрен"
1222,"Лейбниц,_Готфрид_Вильгельм"
1223,Лукреций
1226,"Ницше,_Фридрих"
1227,Парменид
1229,"Паскаль,_Блез"
1231,Платон
1232,Протагор
1235,Сократ
1236,"Соловьёв,_Владимир_Сергеевич"
1237,"Спиноза,_Бенедикт"
1239,"Хайдеггер,_Мартин"
1240,"Шамфор,_Себастьен-Рок_Никола_де"
1241,"Шеллинг,_Фридрих_Вильгельм_Йозеф"
1243,Эмпедокл
1244,"Юм,_Дэвид"
1245,"Ясперс,_Карл"
1289,Ефрем_Малый
1303,Гераклит
1456,"Достоевский,_Фёдор_Михайлович"
2804,Эпикур
2807,Пиррон
2870,Аркесилай
2871,Карнеад
2872,Энесидем
2873,Секст_Эмпирик
2892,Фалес_Милетский
2893,Филон_Александрийский
2925,Аммоний_Саккас
2967,Анаксимен
2978,Диоген_Аполлонийский
2979,Ксенофан
2981,Мелисс
2986,Горгий
2987,Гиппий_Элидский
2988,Продик
2990,Антисфен
2993,Аристипп
2994,Киники
2995,Диоген
3003,"Гаман,_Иоганн_Георг"
3028,Эвгемер
3074,Теофраст
3076,Дикеарх
3078,Хрисипп
3123,Эпиктет
3128,Плотин
3131,Прокл_Диадох
3132,Гипатия
3141,Ориген
3142,Цельс
3706,"Свифт,_Джонатан"
3722,"Рассел,_Бертран"
3802,Маймонид
4417,"Шопенгауэр,_Артур"
4727,"Флоренский,_Павел_Александрович"
6265,Ибн_Рушд
6389,"Голубинский,_Фёдор_Александрович"
6390,Серапион_(Машкин)
7287,Ибн_Сина
7419,"Шестов,_Лев_Исаакович"
8074,Левкипп
8381,"Киреевский,_Иван_Васильевич"
8905,"Фичино,_Марсилио"
9056,"Штейнер,_Рудольф"
10054,"Ноль,_Герман"
11003,"Энгельс,_Фридрих"
13597,"Леонтьев,_Константин_Николаевич"
13853,"Чаадаев,_Пётр_Яковлевич"
14109,"Маркс,_Карл"
14524,"Гуссерль,_Эдмунд"
15040,"Аббаньяно,_Никола"
16380,"Лосев,_Алексей_Фёдорович"
16836,"Штайн,_Эдит"
17330,"Бакунин,_Михаил_Александрович"
18527,"Кропоткин,_Пётр_Алексеевич"
18589,"Александров,_Александр_Данилович"
18860,"Валиди,_Ахмет-Заки"
19176,"Хомский,_Ноам"
20518,"Розанов,_Василий_Васильевич"
21001,Пьетро_д’Абано
21208,"Брентано,_Франц"
21563,"Чирнхаус,_Эренфрид_Вальтер_фон"
21622,"Спенсер,_Герберт"
22103,"Оккам,_Уильям"
22221,"Смит,_Адам"
22715,Конфуций
23235,"Фихте,_Иоганн_Готлиб"
24774,"Франк,_Семён_Людвигович"
25591,"Декарт,_Рене"
25907,Псевдо-Дионисий_Ареопагит
26324,"Хан,_Инайят"
27422,"Бахтин,_Михаил_Михайлович"
29432,Диоген_Лаэртский
29476,"Дидро,_Дени"
29556,"Монтескьё,_Шарль_Луи_де"
30279,"Лаас,_Эрнст"
30336,Пьер_Абеляр
30571,Сигер_Брабантский
30835,"Шпенглер,_Освальд"
30860,"Галилей,_Галилео"
31358,"Мамардашвили,_Мераб_Константинович"
31639,"Баадер,_Франц_Ксавер_фон"
31808,"Баумгартен,_Александр_Готлиб"
31901,"Бабёф,_Гракх"
32090,"Валери,_Поль"
32280,"Радищев,_Александр_Николаевич"
32570,Вольтер
32772,"Галеви,_Иехуда"
33195,Дион_Хрисостом
33293,"Ибн_Габироль,_Шломо"
33810,"Дильтей,_Вильгельм"
34186,"Витгенштейн,_Людвиг"
34228,"Зиновьев,_Александр_Александрович"
34464,"Гоббс,_Томас"
34633,Льюис_Кэрролл
34870,"Локк,_Джон"
35382,Евдокс_Книдский
35404,Евклид_из_Мегары
35457,"Кун,_Томас"
35564,Евбулид
35566,Эвандр_из_Фокиды
35966,"Конт,_Огюст"
36127,"Галковский,_Дмитрий_Евгеньевич"
36726,Лао-цзы
36863,"Меланхтон,_Филипп"
39578,"Швейцер,_Альберт"
40335,"Жане,_Поль"
41576,"Галич,_Александр_Иванович"
42320,"Эббот,_Фрэнсис_Эллингвуд"
42600,"Торо,_Генри"
42879,"Пико_делла_Мирандола,_Джованни"
42921,"Эмерсон,_Ральф_Уолдо"
43257,"Кроули,_Алистер"
43745,Гильберт_Порретанский
44057,"Хомяков,_Алексей_Степанович"
44275,"Пирс,_Чарльз_Сандерс"
44601,"Жоли,_Анри"
45744,"Журден,_Шарль_Мария_Габриэль_Брешилье"
45848,"Мережковский,_Дмитрий_Сергеевич"
46344,"Дзабарелла,_Джакомо"
47767,"Макиавелли,_Никколо"
48881,"Минский,_Николай_Максимович"
50495,"Зейдель,_Рудольф"
50761,"Зеленогорский,_Фёдор_Александрович"
52397,"Зеннерт,_Даниэль"
52571,Зенон_Сидонский
53681,Махатма_Ганди
54016,"Горбачёва,_Раиса_Максимовна"
54423,"Кедров,_Константин_Александрович"
54485,Тертуллиан
55153,"Сибберн,_Фредерик_Кристиан"
55154,"Зибек,_Герман"
55166,"Зигварт,_Христоф_Вильгельм_фон"
55953,"Герцен,_Александр_Иванович"
56063,"Сковорода,_Григорий_Саввич"
56969,Зоил
56982,"Золотницкий,_Владимир_Трофимович"
56985,"Зольгер,_Карл_Вильгельм_Фердинанд"
57270,"Зульцер,_Иоанн_Георг"
58004,"Ибервег,_Фридрих"
58356,"Айлив,_Джейкоб"
58778,Авл_Корнелий_Цельс
58997,"Инглби,_Клемент_Мэнсфилд"
59202,"Бюкуа,_Георг_Франц_Август_фон"
59536,Иоанн_Филопон
60617,"Унамуно,_Мигель_де"
61634,"Дебор,_Ги"
62228,Рамана_Махарши
62484,Егише
64003,"Йодль,_Фридрих"
64018,"Йованович,_Владимир_(государственный_деятель)"
64199,"Кайслер,_Адальберт"
64274,"Каллизен,_Христиан_Фридрих"
64342,"Калькер,_Фридрих_ван"
64452,Канада_(мыслитель)
64571,Капитон
64587,"Капорали,_Энрико"
64701,"Кардельяк,_Жан-Жак_Северен_де"
64824,"Карпе,_Франц-Самуэль"
64831,"Карпентер,_Нафанаил"
64857,"Карро,_Людовик"
64893,"Карус,_Фридрих_Август"
64911,"Каспари,_Отто"
65007,Като_Хироюки
65020,"Каттанео,_Джованни-Мария"
65023,"Каттани,_Франческо_да_Диаччето"
65054,Катий
65160,"Кейзерлинг,_Герман_фон"
65181,"Кедров,_Иван_Андреевич"
65287,"Кёппен,_Фридрих"
65353,"Кёстлин,_Карл_Рейнгольд"
65374,"Кизеветтер,_Иоганн"
65634,"Клауберг,_Иоганн"
65642,Клеанф
65793,"Клейн,_Георг"
65800,"Клеменс,_Фридрих"
65989,Клиний
66001,Клитомах
66050,"Клодиус,_Христиан_Август_Генрих"
66232,"Кнутцен,_Мартин"
66276,"Ковард,_Уильям"
66475,"Козловский,_Феликс"
66548,"Коллинз,_Энтони"
66723,"Коллиер,_Артур"
67094,"Константин,_Роберт"
67107,"Конта,_Василе"
67134,"Корнхерт,_Дирк"
67276,"Буридан,_Жан"
67376,Коракс
67466,Луций_Анней_Корнут
68011,"Чернышевский,_Николай_Гаврилович"
70556,"Котс,_Роджер"
70675,Ованес_Воротнеци
70676,Григор_Татеваци
70677,Давид_Анахт
72027,"Жижек,_Славой"
72032,"Деррида,_Жак"
72033,"Делёз,_Жиль"
72034,"Бодрийяр,_Жан"
72036,"Лиотар,_Жан-Франсуа"
72241,"Фуко,_Мишель"
73235,"Циммерман,_Роберт"
76573,"Аббт,_Томас"
77679,"Абель,_Яков_Фридрих"
79187,Авраам_бар-Хия
80246,Ансельм_Кентерберийский
80453,Крантор
80982,"Трубецкой,_Николай_Сергеевич"
83339,"Бажанов,_Валентин_Александрович"
85607,Кратет_Афинский_(философ)
85628,"Эвола,_Юлиус"
85817,Кратипп_(философ)
85824,Кратет_Фиванский
85840,"Краус,_Кристиан_Якоб"
85942,"Крейц,_Фридрих_Карл"
85974,"Кремонини,_Чезаре"
85976,"Генон,_Рене"
86009,Кресцент_(киник)
86015,"Крескас,_Хасдай"
86153,"Кристи,_Томас"
86159,Критолай_(философ)
86285,"Круг,_Вильгельм_Траугот"
86301,"Бэкон,_Роджер"
86302,"Крузиус,_Христиан_Август"
86893,Ксенократ_Халкидонский
87012,"Кудрявцев,_Пётр_Павлович"
87671,"Камберленд,_Ричард_(философ)"
88363,"Кунхарт,_Генрих"
88389,"Кунрат,_Генрих"
88403,"Волохонский,_Анри_Гиршевич"
88743,"Кур_де_Жебелен,_Антуан"
89087,"Джорджо,_Гвидо_Де"
91481,Шри_Ауробиндо
92132,"Ефремов,_Иван_Антонович"
92341,"Бутру,_Эмиль"
93148,"Йейттелес,_Игнац"
94394,"Пуанкаре,_Анри"
95047,"Волошинов,_Валентин_Николаевич"
95763,"Самарин,_Юрий_Фёдорович"
95920,"Зигварт,_Христоф_фон"
97470,"Товяньский,_Анджей"
99425,"Гельвеций,_Клод_Адриан"
99644,"Камю,_Альбер"
100395,Омар_Хайям
100438,"Черненко,_Альберт_Константинович"
100474,"Рид,_Томас"
100640,"Станкевич,_Николай_Владимирович"
100927,Исократ
101425,"Красинский,_Зыгмунт"
101640,"Кардано,_Джероламо"
102108,Ламберт_из_Осера
102115,Эразм_Роттердамский
102566,"Карсавин,_Лев_Платонович"
102679,Николай_Кузанский
102779,Ламберт_Кёльнский
103211,"Бовуар,_Симона_де"
103212,"Сартр,_Жан-Поль"
103327,"Ильин,_Иван_Александрович"
103349,"Маркузе,_Герберт"
103893,Бхактиведанта_Свами_Прабхупада
104558,"Бах,_Ричард"
104992,"Кук,_Авраам_Ицхак"
108193,Альберт_Великий
109571,"Агамбен,_Джорджо"
117445,"Ортега-и-Гассет,_Хосе"
117818,Абу-ль-Аля_аль-Маарри
118531,"Морелли,_Этьенн-Габриэль"
118791,"Мабли,_Габриэль_Бонно_де"
118811,"Мальбранш,_Николя"
119518,Зенодот_(философ)
119699,"Кастанеда,_Карлос"
120434,"Ланге,_Иоганн_Иоахим"
120527,"Болотов,_Андрей_Тимофеевич"
121251,"Ланге,_Фридрих_Альберт"
121255,"Ланге,_Самуэль_Готлиб"
121313,"Вейсгаупт,_Адам"
121954,"Фихте,_Иммануил_Герман"
124942,"Щедровицкий,_Георгий_Петрович"
126208,"Радлов,_Эрнест_Леопольдович"
126604,Рудольф_Агрикола
128849,"Штирнер,_Макс"
128934,"Фишер,_Куно"
129521,Бернар_Шартрский
130158,"Ильенков,_Эвальд_Васильевич"
130381,"Лосский,_Николай_Онуфриевич"
130951,"Крылов,_Константин_Анатольевич"
131386,Нагарджуна
132878,"Пристли,_Джозеф"
133906,"Саид,_Эдвард_Вади"
134095,Шантидэва
135390,"Веневитинов,_Дмитрий_Владимирович"
135889,"Поппер,_Карл"
137887,"Бёме,_Якоб"
138829,Винсент_из_Бове
141045,"Бернштейн,_Эдуард"
142395,"Одоевский,_Владимир_Фёдорович"
142746,"Прудон,_Пьер-Жозеф"
144046,Маркиз_де_Сад
144749,"Иллич,_Иван"
144807,"Мах,_Эрнст"
145993,"Месарош,_Иштван"
146507,"Фейербах,_Людвиг_Андреас"
146901,"Кара-Мурза,_Сергей_Георгиевич"
147051,"Тейяр_де_Шарден,_Пьер"
147397,"Мейджор,_Джон_(философ)"
148933,Нитирэн
151094,"Шелер,_Макс"
151407,"Ройхлин,_Иоганн"
151809,"Каган,_Моисей_Самойлович"
153308,"Деборин,_Абрам_Моисеевич"
153913,"Нозик,_Роберт"
154002,"Ролз,_Джон"
154085,"Батай,_Жорж"
154383,"Дунс_Скот,_Иоанн"
157386,"Валла,_Лоренцо"
160194,"Юнгер,_Эрнст"
160261,Майстер_Экхарт
160806,"Успенский,_Пётр_Демьянович"
161605,Папирий_Фабиан
161614,"Фабр_д’Оливе,_Антуан"
161736,Фаворин
163274,"Фалькенберг,_Рихард"
165574,"Франко,_Иван_Яковлевич"
166424,Стратон
167060,"Берлин,_Исайя"
171458,"Захаров,_Андрей_Александрович"
171713,"Рюдигер,_Андреас"
172470,"Фромм,_Эрих"
172546,"Рутковский,_Леонид_Васильевич"
172656,Саадия_Гаон
173108,"Бьюкенен,_Джордж_(гуманист)"
173378,"Икбал,_Мухаммад"
173567,"Кампанелла,_Томмазо"
175009,"Данилевский,_Николай_Яковлевич"
175099,"Розенбергер,_Иоганн_Карл_Фердинанд"
175116,"Розенкранц,_Иоганн_Карл_Фридрих"
175860,"Леонтьев,_Алексей_Николаевич_(психолог)"
175927,"Тарасов,_Александр_Николаевич"
177507,"Ромер,_Фридрих"
178044,"Лайтман,_Михаэль"
178306,"Бадью,_Ален"
178847,"Грамши,_Антонио"
181197,"Узнадзе,_Дмитрий_Николаевич"
182322,Гиппархия
183568,Диодор_Крон
184103,"Эпштейн,_Михаил_Наумович"
185865,"Поуп,_Александр"
185939,"Гейлинкс,_Арнольд"
186353,"Боден,_Жан"
190126,Менипп_Гадарский
190402,"Уиклиф,_Джон"
190521,"Лакатос,_Имре"
190915,"Янсений,_Корнелий"
190926,"Шмитт,_Карл"
193432,"Кржижановский,_Сигизмунд_Доминикович"
193554,"Дунаевская,_Рая"
193862,"Тейлор-Милль,_Гарриет"
194484,"Ефимов,_Игорь_Маркович"
195717,"Фейерабенд,_Пол"
196271,"Кабанис,_Пьер_Жан_Жорж"
197778,"Деннет,_Дэниел"
199172,"Де_Роберти,_Евгений_Валентинович"
204220,Никомах_Герасский
204789,"Фреге,_Готлоб"
206324,Аполлодор_Афинский
206354,"Лукач,_Дьёрдь"
206371,"Адорно,_Теодор"
206545,"Аддамс,_Джейн"
206836,"Бауэр,_Бруно"
207299,"Брэдли,_Фрэнсис_Герберт"
207321,"Хабермас,_Юрген"
207976,"Гадамер,_Ханс-Георг"
210653,Шанкара
212067,Аполлоний_Тианский
213596,"Бюхнер,_Людвиг"
213728,"Закс,_Самуил_Маркович"
214076,"Левинас,_Эммануэль"
214564,"Фёдоров,_Николай_Фёдорович"
214645,"Бергсон,_Анри"
215048,"Лавров,_Пётр_Лаврович"
215546,Бион_Борисфенит
228487,"Барт,_Ролан"
228592,"Шевырёв,_Степан_Петрович"
231328,Хуан-ди
232079,"Браун,_Томас_(философ)"
233651,Метрокл_из_Маронии
234203,Абд-ру-шин
236332,Чжуан-цзы
236956,"Михайловский,_Николай_Константинович"
237041,"Гердер,_Иоганн_Готфрид"
237244,Бонавентура
237770,"Кон,_Игорь_Семёнович"
238112,Гай_Марий_Викторин
238164,"Эриксон,_Эрик_Хомбургер"
238905,"Кавелин,_Константин_Дмитриевич"
242578,"Рансьер,_Жак"
243477,"Суарес,_Франсиско"
243481,"Мерсенн,_Марен"
244885,"Хоркхаймер,_Макс"
245353,"Беньямин,_Вальтер"
246083,"Антонович,_Максим_Алексеевич"
248594,"Уилбер,_Кен"
250120,"Полани,_Майкл"
251237,"Лотце,_Рудольф_Герман"
251428,"Хокинг,_Уильям_Эрнест"
252139,"Сухово-Кобылин,_Александр_Васильевич"
252764,"Арон,_Раймон"
253821,"Лассаль,_Фердинанд"
254386,"Якоби,_Фридрих_Генрих"
254389,"Рейнгольд,_Карл_Леонгард"
254396,"Шлейермахер,_Фридрих"
254979,"Мерло-Понти,_Морис"
254983,"Арендт,_Ханна"
256298,"Риккерт,_Генрих_(философ)"
256309,"Введенский,_Александр_Иванович_(философ)"
256905,"Виндельбанд,_Вильгельм"
256922,"Коген,_Герман"
256980,"Гартман,_Николай"
257007,"Половцова,_Варвара_Николаевна"
257216,"Лабриола,_Антонио"
257289,"Кроче,_Бенедетто"
257621,"Наторп,_Пауль_Герхард"
258030,"Кассирер,_Эрнст"
258090,"Абовин-Егидес,_Пётр_Маркович"
258315,"Шуппе,_Вильгельм"
259463,"Карнап,_Рудольф"
259866,"Микулинский,_Семён_Романович"
259983,"Арно,_Антуан_(сын)"
261028,"Мамлеев,_Юрий_Витальевич"
269342,Айн_Рэнд
272105,"Панарин,_Александр_Сергеевич"
274458,"Кузнецов,_Побиск_Георгиевич"
274509,"Кареев,_Николай_Иванович"
274536,"Гассенди,_Пьер"
278983,"Хатчесон,_Фрэнсис"
279566,"Рерих,_Елена_Ивановна"
284120,"Гароди,_Роже"
285322,"Бреннан,_Джеффри"
285503,"Дьюи,_Джон"
288840,"Салутати,_Колуччо"
290213,Аарон_Старший_га-Рофе_бен_Иосеф
292636,Бардесан
293234,"Зонтаг,_Сьюзен"
293725,"Бубнов,_Николай_Николаевич_(философ)"
294213,"Фондан,_Бенжамен"
295048,"Чоран,_Эмиль_Мишель"
295384,Ибн_Хальдун
295969,"Ринтелен,_Фриц_Иоахим_фон"
296173,"Макгрегор_Мазерс,_Сэмуэль_Лиддел"
303497,"Уилкинс,_Джон"
303750,Пётр_Ломбардский
303793,Пётр_Коместор
303874,"Гольбах,_Поль-Анри"
304552,Керкид
311621,Сюнь-цзы
311896,Мэн-цзы
313899,"Шаррон,_Пьер"
315002,"Донцов,_Дмитрий_Иванович"
315281,Шан_Ян
315375,"Сагатовский,_Валерий_Николаевич"
339864,Анахарсис
340569,"Вовенарг,_Люк_де_Клапье"
340578,"Назаретян,_Акоп_Погосович"
341143,"Файхингер,_Ганс"
344395,"Карлейль,_Томас"
345650,"Лакан,_Жак"
346533,"Гершензон,_Михаил_Осипович"
346963,"Савицкий,_Пётр_Николаевич"
349166,Стефан_Византийский
351679,"Владиславлев,_Михаил_Иванович"
354019,"Тюрго,_Анн_Робер_Жак"
354748,"Андерс,_Гюнтер"
355777,"Лифшиц,_Михаил_Александрович"
357042,"Кудайбердиев,_Шакарим"
357466,"Вяземский,_Юрий_Павлович"
361568,Маркион
362119,Тимей_Локрийский
365227,"Микельштедтер,_Карло"
369017,"Базаров,_Владимир_Александрович"
369096,"Яновский,_Рудольф_Григорьевич"
372723,"Гурбан,_Йозеф_Милослав"
376360,"Ласло,_Эрвин"
378666,"Лапшин,_Иван_Иванович"
379587,Зыонг_Бать_Май
385852,Абу_Бакр_Мухаммад_ар-Рази
386643,"Мур,_Джордж_Эдвард"
389081,"Фриз,_Якоб_Фридрих"
389083,"Либман,_Отто"
389176,"Рорти,_Ричард"
389210,"Куайн,_Уиллард_Ван_Орман"
390095,Фома_Кемпийский
390702,"Фергюсон,_Адам"
392439,"Раме,_Пьер_де_ла"
394226,"Мейерсон,_Эмиль"
394234,"Крипке,_Сол"
394254,"Патнэм,_Хилари"
394258,"Айер,_Алфред_Джулс"
394293,"Шлик,_Мориц"
394331,"Ренувье,_Шарль"
396812,"Мирабо,_Виктор_Рикети"
402270,"Аничков,_Игорь_Евгеньевич"
402927,"Негри,_Антонио"
403575,Авраам_ибн_Эзра
405814,"Тиллих,_Пауль"
413476,"Солонин,_Юрий_Никифорович"
423664,"Горский,_Александр_Константинович"
437726,"Стёпин,_Вячеслав_Семёнович"
441119,"Зильберман,_Давид_Беньяминович"
443777,"Смэтс,_Ян"
449612,"Глюксманн,_Андре"
454878,"Нагель,_Томас"
462755,Исаак_Исраэли
470496,"Фрошаммер,_Якоб"
474263,"Штраус,_Давид_Фридрих"
476265,"Джерард,_Александр"
484856,"Флоровский,_Георгий_Васильевич"
509691,"Феррари,_Джузеппе"
513477,"Сантаяна,_Джордж"
516156,"Флюссер,_Вилем"
528244,"Флориди,_Лучано"
534814,"Браун,_Джон_(английский_писатель)"
546826,Пападжи
547892,"Гроций,_Гуго"
547898,"Мор,_Генри"
551831,"Дэвидсон,_Дональд"
556435,"Чичерин,_Борис_Николаевич"
558479,"Бейль,_Пьер"
559686,"Руднев,_Вадим_Петрович"
563904,"Брох,_Герман"
573039,"Эйкен,_Рудольф_Кристоф"
576025,"Вивес,_Хуан_Луис"
578446,"Харрис,_Сэм"
586533,"Гройс,_Борис_Ефимович"
600677,"Генисаретский,_Олег_Игоревич"
601341,"Гусейнов,_Абдусалам_Абдулкеримович"
604057,Эпихарм
606132,"Семёнов,_Юрий_Иванович"
609189,"Алексеев,_Никита_Глебович"
609766,Питтак
609940,Фульберт_Шартрский
611816,"Шеварёв,_Пётр_Алексеевич"
612405,"Кузнецова,_Наталия_Ивановна"
612540,"Швырёв,_Владимир_Сергеевич"
613663,"Тугаринов,_Василий_Петрович"
618378,Алкмеон_Кротонский
623604,"Хевеши,_Мария_Акошевна"
623624,"Бутенко,_Анатолий_Павлович"
624468,Гуго_Сен-Викторский
624488,Гильом_из_Шампо
624509,Ришар_Сен-Викторский
624532,Иоанн_Скот_Эриугена
628115,"Давыдов,_Юрий_Николаевич"
628419,"Паточка,_Ян"
631319,Александр_Афродисийский
631372,"Франкенберг,_Абрахам_фон"
632036,"Вайцзеккер,_Карл_Фридрих_фон"
634424,"Стэнхоуп,_Филип_Дормер,_4-й_граф_Честерфилд"
638035,"Библер,_Владимир_Соломонович"
639624,"Боровой,_Алексей_Алексеевич"
642630,"Лере,_Франсуа"
642743,Хуэйнэн
643355,"Данто,_Артур"
651384,"Фодор,_Джерри_Алан"
654178,"Бубер,_Мартин"
661531,"Эрдман,_Иоганн_Эдуард"
663041,"Помпонацци,_Пьетро"
663710,"Маковельский,_Александр_Осипович"
663788,"Аревшатян,_Сен_Суренович"
667290,"Афанасьев,_Виктор_Григорьевич"
670618,"Фролов,_Иван_Тимофеевич"
686834,"Апель,_Карл-Отто"
686913,"Арутюнян,_Орик_Пайлакович"
693354,"Столпнер,_Борис_Григорьевич"
693361,"Дебольский,_Николай_Григорьевич"
698623,"Розенцвейг,_Франц"
698820,"Финк,_Ойген"
700337,"Ананьин,_Степан_Андреевич"
702292,"Есенин-Вольпин,_Александр_Сергеевич"
705463,"Маркуш,_Дьёрдь"
710484,Акусилай
711017,"Мармонтель,_Жан-Франсуа"
711145,"Лазарев,_Владимир_Васильевич"
711222,"Тумаркин,_Анна"
717698,Махтумкули
721573,"Авенариус,_Рихард"
722615,"Страхов,_Николай_Николаевич_(философ)"
724728,"Рикёр,_Поль"
726629,"Сорокин,_Питирим_Александрович"
726680,"Бентам,_Иеремия"
728254,"Рубин,_Арон_Ильич"
729150,"Аксельрод,_Любовь_Исааковна"
729399,"Кристева,_Юлия"
733012,"Баумейстер,_Фридрих_Христиан"
736702,"Шольц,_Генрих"
737548,"Грузенберг,_Семён_Осипович"
744119,Ямвлих
744914,"Гоклениус,_Рудольф"
745195,Порфирий_(философ)
746977,"Маритен,_Жак"
748642,"Уайтхед,_Альфред_Норт"
748835,Карпократ
748961,"Бойко,_Михаил_Евгеньевич"
750148,"Гомес_Давила,_Николас"
750213,"Тейшейра,_Луиш_Филипе"
753002,"Остин,_Джон_Лэнгшо"
753058,"Абихт,_Иоганн_Генрих"
760434,"Саватер,_Фернандо"
761653,"Штраус,_Лео"
762500,"Зусман,_Самуил_Соломонович"
763192,Ли_Сы
765746,"Вишев,_Игорь_Владимирович"
766276,"Нагель,_Эрнест"
770342,"Кампер,_Дитмар"
784014,"Ноговицын,_Олег_Михайлович"
786502,"Мюллер,_Георг_Элиас"
788271,"Ипполит,_Жан"
791631,"Гончарук,_Сергей_Иванович"
792329,"Альтюссер,_Луи"
792580,Алишер_Навои
796067,"Лурье,_Осип_Давидович"
796068,"Лурье,_Семён_Владимирович"
796505,"Юдин,_Эрик_Григорьевич"
796528,"Ладенко,_Иосаф_Семёнович"
799221,"Яннарас,_Христос"
799748,Дайдодзи_Юдзан
802621,"Кожев,_Александр_Владимирович"
803315,"Кассен,_Барбара"
803357,"Жюльен,_Франсуа"
803693,"Эрш,_Жанна"
803779,"Новгородцев,_Павел_Иванович"
806952,"Нельсон,_Тед"
807416,"Горц,_Андре"
833864,"Шолем,_Гершом"
879322,"Марсель,_Габриэль"
881375,"Грязнов,_Борис_Семёнович"
881618,"Зиммель,_Георг"
882437,"Клоссовски,_Пьер"
889231,"Хэнли,_Ричард"
890005,"Сорель,_Жорж"
890584,"Хеллер,_Агнеш"
893934,"Вико,_Джамбаттиста"
896241,"Гвардини,_Романо"
896877,"Каснер,_Рудольф"
897255,"Эвен-Шмуэль,_Иехуда"
899571,"Фладд,_Роберт"
900140,Ас-Сайид_Абдалла_ат-Танухи
903182,"Бибихин,_Владимир_Вениаминович"
907745,"Бородай,_Юрий_Мефодьевич"
911656,Генрих_Сузо
912560,"Локк,_Ален"
912830,"Колаковский,_Лешек"
912842,"Арп,_Роберт"
913255,"Сёрл,_Джон"
913493,"Мареев,_Сергей_Николаевич"
913807,"Зись,_Авнер_Яковлевич"
918397,"Великанов,_Андрей_Григорьевич"
918588,"Федотов,_Георгий_Петрович"
920028,"Росс,_Дэвид"
920435,"Шпир,_Африкан_Александрович"
927462,"Майоров,_Геннадий_Георгиевич"
929185,"Филиппов,_Александр_Фридрихович"
932863,"Бостром,_Ник"
932876,"Недонсель,_Морис_Гюстав"
933262,"Сидаш,_Тарас_Геннадьевич"
937345,Джебран_Халиль_Джебран
941792,"Тэн,_Ипполит"
942895,"Рабинович,_Вадим_Львович"
948819,Посидоний
949383,"Ландино,_Кристофоро"
950131,"Окава,_Сюмэй"
952190,"Крыштановская,_Ольга_Викторовна"
954942,Хань_Юй
960739,"Лысенко,_Виктория_Георгиевна"
963406,"Разумный,_Владимир_Александрович"
968628,"Мартынов,_Владимир_Иванович"
968706,"Маркин,_Владимир_Ильич"
979078,"Вейль,_Симона_(философ)"
984041,"Геммингсен,_Нильс"
1005925,Леви_бен_Гершом
1005978,"Вагнер,_Георгий_Карлович"
1005992,"Зубов,_Василий_Павлович_(учёный)"
1008358,"Смирнов,_Аполлон_Иванович"
1012475,"Шемякин,_Анатолий_Николаевич"
1012560,"Чалмерс,_Дэвид"
1015322,Гекатей_Абдерский
1015626,"Петровская,_Елена_Владимировна"
1019828,Гегесий
1028575,"Таубес,_Якоб"
1037262,"Цейтлин,_Гилель"
1038518,"Мендельсон,_Мозес"
1041399,"Абдуллаев,_Евгений_Викторович"
1054998,"Марен,_Луи"
1055268,"Марков,_Борис_Васильевич"
1057623,"Блюменберг,_Ханс"
1058619,"Замалеев,_Александр_Фазлаевич"
1059798,"Филанджери,_Гаэтано"
1063703,"Савчук,_Валерий_Владимирович"
1064815,"Фулье,_Альфред"
1065724,"Льюис,_Джон"
1067520,"Жильсон,_Этьен"
1067717,"Парамонов,_Борис_Михайлович"
1068816,"Диди-Юберман,_Жорж"
1079621,"Ханон,_Юрий"
1081264,"Голуховский,_Юзеф"
1095701,"Подорога,_Валерий_Александрович"
1097422,Бхактивинода_Тхакур
1100930,Моним
1102591,Элифас_Леви
1103246,"Соловейчик,_Йосеф_Дов"
1110699,Амелий
1116139,"Чесноков,_Дмитрий_Иванович"
1117095,"Бонне,_Шарль"
1117306,"Ковалёв,_Александр_Митрофанович"
1117484,"Добреньков,_Владимир_Иванович"
1119777,"Акоста,_Уриэль"
1121010,"Фрашери,_Сами"
1121236,"Овсянников,_Михаил_Федотович"
1122160,Абхинавагупта
1123854,"Келле,_Владислав_Жанович"
1129017,Максим_Эфесский
1129342,"Белецкий,_Зиновий_Яковлевич"
1133030,Эдесий
1134337,Саллюстий_(философ)
1138223,"Слотердайк,_Петер"
1140090,"Кедров,_Бонифатий_Михайлович"
1141082,"Койре,_Александр"
1142846,"Зеньковский,_Василий_Васильевич"
1143560,Феодор_Асинский
1144089,"Блауберг,_Игорь_Викторович"
1144605,"Иовчук,_Михаил_Трифонович"
1165274,"Отто,_Рудольф"
1176567,"Неккам,_Александр"
1188949,"Соруш,_Абдолкарим"
1196643,"Парчевский,_Фома"
1210176,Сопатр
1210366,Дексипп_(философ)
1211809,"Овчаренко,_Виктор_Иванович_(философ)"
1211937,Плутарх_Афинский
1215992,"Вейнингер,_Отто"
1225641,Сириан_Александрийский
1225987,"Кельзен,_Ганс"
1226996,Дамаский
1228104,Симпликий
1228176,Марин_Неаполитанский
1228212,Исидор_Александрийский
1230157,"Тренделенбург,_Адольф"
1230452,"Петрович,_Гайо"
1230735,Евсевий_Миндский
1230745,Приск_(философ)
1230748,Хрисанфий
1230751,Евфразий
1230754,Евстафий_Каппадокийский
1232352,Гиерокл_Александрийский
1232376,Домнин_(философ)
1232445,Прискиан_Лидийский
1232512,Гермий_Александрийский
1232542,Эдесия
1232838,"Аммоний,_сын_Гермия"
1233026,Асклепий_Тралльский
1233098,Немезий
1233718,Синезий_Киренский
1233745,Гелиодор_Александрийский
1233815,"Абдеев,_Рифгат_Фаизович"
1233816,Олимпиодор_Младший
1234266,"Мид,_Джордж_Герберт"
1234301,"Низан,_Поль"
1236631,Феодот_Кожевник
1242334,"Гвишиани,_Джермен_Михайлович"
1248364,"Косик,_Карел"
1248575,Менедем_(киник)
1253504,"Джентиле,_Джованни"
1267088,"Друскин,_Яков_Семёнович"
1269571,"Эшли-Купер,_Энтони,_3-й_граф_Шефтсбери"
1276161,"Линьков,_Евгений_Семёнович"
1277916,Чжу_Си
1278403,"Мунье,_Эмманюэль"
1278545,"Ермичёв,_Александр_Александрович"
1279590,"Миура,_Цутому"
1281911,"Монтгомери,_Эдмунд"
1288226,"Лютославский,_Винценты"
1288742,Яджнавалкья
1295677,"Буланже,_Никола_Антуан"
1303695,"Фрейре,_Паулу"
1305048,"Касториадис,_Корнелиус"
1305785,Ху_Ши
1310151,"Коллингвуд,_Робин_Джордж"
1324713,"Бычков,_Виктор_Васильевич"
1324873,"Татаркевич,_Владислав"
1326828,"Герберт,_Эдуард,_1-й_барон_Герберт_из_Чербери"
1327307,"Петров,_Виктор_Платонович"
1328191,"Лефевр,_Анри"
1328643,"Жуков,_Геннадий_Викторович"
1336638,Мо-цзы
1343760,Кан_Ювэй
1352932,Гаудапада
1353031,Дун_Чжуншу
1358979,Хуэй_Ши
1361168,Хань_Фэй
1361521,Ибн_Туфайль
1362754,"Майореску,_Титу"
1368522,"Дебре,_Режис"
1369752,"Гюлен,_Фетхуллах"
1372805,"Леви,_Бернар-Анри"
1373999,"Супек,_Руди"
1383049,Абдулла_Джевдет
1384719,Лу_Сяншань
1390576,Дай_Чжэнь
1391867,"Секретан,_Шарль"
1395973,"Сафранский,_Рюдигер"
1396249,"Мозелов,_Анатолий_Павлович"
1397062,"Солодухо,_Натан_Моисеевич"
1399908,Оуян_Цзинъу
1402180,"Шлипко,_Тадеуш"
1404003,"Дан,_Лидия_Осиповна"
1410020,"Иглтон,_Терри"
1415653,Джива_Госвами
1419946,Иоанэ_Петрици
1423554,"Гегечкори,_Евгений_Петрович"
1425053,"Хоффман,_Эбби"
1426078,"Джахая,_Леонид_Григорьевич"
1428423,"Смирнов,_Игорь_Павлович"
1436606,"Роговин,_Вадим_Захарович"
1445056,Никита_Пафлагон
1450372,"Шаубергер,_Виктор"
1452675,Модерат_из_Кадиса
1456263,Го_Сян
1473449,Антифонт
1477214,"Батищев,_Генрих_Степанович"
1489953,"Петров,_Михаил_Константинович"
1490122,"Карпов,_Василий_Николаевич"
1493311,"Зедльмайр,_Ганс"
1500632,"Хайм,_Рудольф"
1500772,"Мак-Таггарт,_Джон_Эллис"
1502127,"Чубайс,_Игорь_Борисович"
1511056,"Изер,_Вольфганг"
1512249,"Курашов,_Владимир_Игнатьевич"
1512467,"Надеждин,_Николай_Иванович"
1518194,"Лопатин,_Лев_Михайлович"
1518894,Элиша_бен_Абуя
1519138,"Кайла,_Эйно"
1522660,"Платина,_Бартоломео"
1526444,"Попов,_Виталий_Владимирович"
1527845,"Быховец,_Юзеф_Владислав"
1533739,"Аткинсон,_Уильям_Уокер"
1536837,"Лавджой,_Артур_Онкен"
1537487,Мадхусудана_Сарасвати
1538446,"Ширази,_Мухаммад"
1551992,Валентин_(гностик)
1555842,"Канке,_Виктор_Андреевич"
1558657,"Шюц,_Альфред"
1560514,"Д’Орс,_Эухенио"
1560703,"Дове,_Жиль"
1566336,Плифон
1566392,"Жокур,_Луи_де"
1567073,"Мелье,_Жан"
1568261,"Руге,_Арнольд"
1576361,"Безъё,_Жан_Ив"
1577497,"Несс,_Арне"
1577779,"Кузнецов,_Павел_Вениаминович"
1577819,"Блаунт,_Чарльз"
1579337,"Дюгем,_Пьер"
1583353,"Кршесадло,_Ян"
1584735,"Судзуки,_Дайсэцу_Тэйтаро"
1586209,"Бональд,_Луи_Габриэль_Амбруаз"
1588706,"Никифоров,_Александр_Леонидович"
1592590,Гипподам
1592989,Гиппас_из_Метапонта
1603011,"Боллак,_Жан"
1609249,"Корш,_Карл"
1613333,"Ландауэр,_Густав"
1616595,"Жирар,_Рене"
1618025,"Бобров,_Евгений_Александрович_(философ)"
1618194,"Аскольдов,_Сергей_Алексеевич"
1621441,"Каринский,_Михаил_Иванович"
1622035,"Чернышёв,_Сергей_Борисович"
1627272,"Адоратский,_Владимир_Викторович"
1627986,"Астафьев,_Пётр_Евгеньевич"
1629218,"Саймонс,_Питер"
1640678,"Степун,_Фёдор_Августович"
1643804,"Блох,_Эрнст"
1644463,Нитобэ_Инадзо
1648967,Мен_де_Биран
1649846,"Батлер,_Джозеф"
1655930,"Дюринг,_Евгений"
1655935,Гиппон_(философ)
1656620,"Кудрявцев-Платонов,_Виктор_Дмитриевич"
1660835,"Хютт,_Владимир_Платонович"
1662153,"Толстой,_Сергей_Николаевич"
1663590,Антиох_из_Аскалона
1667653,"Гаврюшин,_Николай_Константинович"
1667975,"Балашов,_Лев_Евдокимович"
1672233,"Хаузер,_Арнольд"
1673799,Дэн_Си
1692304,Гунсунь_Лун
1694927,"Столович,_Леонид_Наумович"
1696829,"Мейс,_Сесил_Алек"
1702325,Хэ_Сю
1702756,"Аппиа,_Кваме_Энтони"
1704338,"Стоув,_Дэвид_Чарльз"
1704385,"Латур,_Бруно"
1704599,"Тулмин,_Стивен_Эделстон"
1711105,"Дестют_де_Траси,_Антуан"
1716940,"Яблоков,_Игорь_Николаевич"
1721863,Цзоу_Янь
1723035,"Сингер,_Питер"
1733328,Феофан_(Авсенев)
1734750,"Липпс,_Теодор"
1741469,Чэн_Хао
1744870,Лян_Шумин
1744948,"Шафф,_Адам"
1746831,"Ахутин,_Анатолий_Валерианович"
1748825,"Наан,_Густав_Иоганнович"
1750875,Иоанн_Аргиропул
1751531,"Альчато,_Андреа"
1757579,Мулла_Садра
1761413,"Берк,_Кеннет"
1763055,"Гильдебранд,_Дитрих_фон"
1763771,"Элбакян,_Екатерина_Сергеевна"
1766796,"Гольдман,_Люсьен"
1766938,"Коллетти,_Лючио"
1766986,"Делла_Вольпе,_Гальвано"
1767556,"Альбо,_Йосеф"
1768109,"Рейнага,_Фаусто"
1772217,"Марион,_Жан-Люк"
1772893,"Ландсберг,_Пауль_Людвиг"
1772922,"Чарыков,_Николай_Валерьевич"
1772948,"Липпс,_Ганс"
1773011,"Больнов,_Отто_Фридрих"
1773091,"Ротхаккер,_Эрих"
1773116,"Плеснер,_Хельмут"
1773159,"Гелен,_Арнольд"
1773408,"Федосеев,_Пётр_Николаевич"
1774792,"Дембовский,_Эдвард"
1775436,"Букчин,_Мюррей"
1780477,"Постель,_Гийом"
1781760,Бхакти_Прамод_Пури_Госвами
1782923,"Соколов,_Василий_Васильевич_(философ)"
1784346,"Кофман,_Сара"
1784704,"Липский,_Борис_Иванович"
1786621,"Бодеи,_Ремо"
1787154,"Лакло,_Эрнесто"
1788816,"Метлов,_Владимир_Иванович"
1791069,"Гайденко,_Пиама_Павловна"
1791671,"Негт,_Оскар"
1793478,Саи_Баба_из_Ширди
1800679,Биант_Приенский
1802037,"Таурелл,_Николай"
1802236,"Аркадьев,_Михаил_Александрович"
1806248,"Эжуттаччан,_Тунджатту"
1806433,"Мазинг,_Уку"
1807654,"Дворжак,_Макс"
1808172,"Шперк,_Фёдор_Эдуардович"
1808675,Гвидобальдо_дель_Монте
1811354,"Прохоров,_Николай_Иванович_(ректор)"
1812037,"Рудаш,_Ласло"
1816236,"Книжник-Ветров,_Иван_Сергеевич"
1818441,"Сухарев,_Александр_Иванович"
1818973,"Флинт,_Генри"
1824240,Трасилл
1824248,Адраст_Афродисийский
1824601,"Айдукевич,_Казимеж"
1824621,"Александер,_Сэмюэл"
1825149,"Зарубина,_Наталья_Николаевна"
1827752,"Бенуа,_Ален_де"
1832647,"Башляр,_Гастон"
1834853,"Оболенский,_Леонид_Егорович"
1842488,"Ципко,_Александр_Сергеевич"
1847597,"Райл,_Гилберт"
1853918,Антара_ибн_Шаддад
1857239,"Вольтман,_Людвиг"
1868643,"Уваров,_Михаил_Семёнович_(философ)"
1870618,Ян_Сюн
1875525,"Максимов,_Александр_Александрович_(философ)"
1882695,"Эчеверриа,_Боливар"
1883669,Ван_Би
1886908,"Ванновский,_Александр_Алексеевич"
1890190,"Толанд,_Джон"
1890219,"Хильшер,_Фридрих"
1892852,"Кутб,_Сейид"
1901089,"Акиллини,_Алессандро"
1902366,"Стоянович,_Светозар"
1902439,Ян_Чжу
1905948,Сухотра_Свами
1909025,Чжоу_Дуньи
1909672,"Ильичёв,_Леонид_Фёдорович"
1909747,Чэн_И
1909756,Чжан_Цзай
1909768,Ван_Янмин
1910826,Ли_Ао
1910925,Шао_Юн
1910960,Е_Ши
1911142,Чжан_Ши
1911156,Ху_Хун
1911176,Ху_Аньго
1911179,Ян_Ши
1911188,Ю_Цзо
1911210,Ван_Фучжи
1915467,"Хвистек,_Леон"
1918561,Шэнь_Дао
1919247,Тянь_Пянь
1920361,"Резник,_Юрий_Михайлович"
1920732,"Иванченко,_Галина_Владимировна"
1922890,Ши_Бо
1926550,Валлабха
1928755,Жун-чэн
1931174,Ай_Сыци
1931289,Сэнчжао
1931947,Хоу_Вайлу
1932148,"Серр,_Мишель"
1936064,"Блэк,_Боб"
1941937,"Бугера,_Владислав_Евгеньевич"
1942700,"Ролл-Хансен,_Нильс"
1944449,"Гинзбург,_Ицхак"
1945129,"Пивоев,_Василий_Михайлович"
1945873,"Цанн-кай-си,_Фёдор_Васильевич"
1946792,Юй_Цзи
1951584,Диоген_Вавилонский
1955044,"Карасёв,_Леонид_Владимирович"
1958353,"Маккенна,_Теренс_Кемп"
1964966,Мехер_Баба
1966492,"Каменский,_Захар_Абрамович"
1967455,"Шмидт,_Анна_Николаевна"
1972066,"Джеймисон,_Фредрик"
1983054,"Лукман,_Томас"
1984322,"Лаку-Лабарт,_Филипп"
1984433,"Свитак,_Иван"
1984501,"Балибар,_Этьен"
1984636,"Зелены,_Йиндржих"
1987005,"Кристол,_Ирвинг"
1987181,"Срезневский,_Иван_Евсеевич"
1990026,"Кистяковский,_Богдан_Александрович"
1997820,"Босенко,_Валерий_Алексеевич"
1998870,"Струве,_Генрих_Егорович"
2005631,"Аст,_Георг_Антон_Фридрих"
2007621,"Акатай,_Сабетказы_Нуржакияулы"
2009522,"Асмер,_Тойво"
2014013,"Земба,_Мацей_Станислав"
2016636,"Томпсон,_Вильям_Ирвин"
2022384,"Пешё,_Мишель"
2024307,"Кувакин,_Валерий_Александрович"
2025320,"Уильямс,_Бернард_(философ)"
2025831,Епифан_(гностик)
2040486,"Роккан,_Стейн"
2043361,"Серто,_Мишель_де"
2044237,"Скарга,_Барбара"
2044761,"Ратке,_Вольфганг"
2044844,"Гербарт,_Иоганн_Фридрих"
2046141,"Торопцев,_Александр_Петрович"
2057401,"Леви,_Михаэль"
2057733,Шрихарша
2059742,Халкидий
2069292,"Адлер,_Фридрих_(политик)"
2073308,"Шутлич,_Ваня"
2073346,"Гартман,_Эдуард_фон"
2080524,"Орлов,_Юрий_Михайлович_(психолог)"
2083844,Лян_Цичао
2093145,"Грисбах,_Иоганн_Якоб"
2095814,"Трушков,_Виктор_Васильевич"
2101879,"Гиренок,_Фёдор_Иванович"
2102374,"Курсави,_Габденнасыр"
2102510,"Д’Альи,_Пьер"
2104146,"Филиппов,_Михаил_Михайлович_(учёный)"
2118884,"Хамитов,_Назип_Виленович"
2119729,"Якубовский,_Франц"
2122158,"Каратани,_Кодзин"
2124571,"Тимпанаро,_Себастьяно"
2144016,"Вроньский,_Юзеф"
2163535,Будда_Шакьямуни
2179297,"Бутервек,_Фридрих"
2189316,"Аничков,_Дмитрий_Сергеевич"
2189835,"Яковенко,_Борис_Валентинович"
2197694,"Целлер,_Эдуард"
2201545,Фрасимах
2207324,"Салгаду,_Плиниу"
2214143,"Гинзбург,_Жакоб"
2227797,Янь_Юань
2228651,Ли_Гун
2240347,"Савилль,_Джон"
2246381,"Адлер,_Мортимер"
2246721,"Цоц,_Фолькер"
2249189,Сюй_Шэнь
2250451,Свами_Бон
2256108,"Вейсе,_Христиан_Герман"
2257475,"Визе,_Леопольд_фон"
2266535,"Золотарёв,_Алексей_Алексеевич"
2267682,Кхваджа_Шамсуддин_Азими
2274061,"Йонас,_Ханс"
2274656,"Уткин,_Ксенофонт_Дмитриевич"
2278134,"Ёсимото,_Такааки"
2280687,Линь_Юйтан
2288695,"Вейтлинг,_Вильгельм"
2290913,"Эренфельс,_Христиан"
2298788,"Микушевич,_Владимир_Борисович"
2307199,"Знанецкий,_Флориан_Витольд"
2318694,"Семёнов,_Вадим_Сергеевич"
2324394,"Цертелев,_Дмитрий_Николаевич"
2324783,"Сингх,_Сант_Кирпал"
2348211,"Карфикова,_Ленка"
2348592,"Валескалн,_Пётр_Иванович"
2350171,Диоген_из_Эноанды
2350947,Мао-гун
2352272,"Яхот,_Овший_Овшиевич"
2361487,"Гумницкий,_Григорий_Николаевич"
2364981,"Желев,_Иван"
2367815,"Шеффер,_Жан-Мари"
2376232,Джаймини
2376784,Васугупта
2380650,Ду_Госян
2383525,Лу_Шэн
2384552,Огю_Сорай
2388013,Саяна
2390177,"Мильнер,_Жан-Клод"
2392759,"Каччари,_Массимо"
2394108,"Маймон,_Соломон"
2399432,"Флю,_Энтони"
2404009,"Левин,_Юрий_Иосифович"
2408111,"Беркович,_Элиэзер"
2419208,"Кайзерлинг,_Герман_фон"
2421816,"Стефанини,_Луиджи"
2427574,"Линник,_Юрий_Владимирович_(писатель)"
2428041,"Геру,_Марсель"
2430230,"Кулагина-Ярцева,_Валентина_Сергеевна"
2432954,"Лефор,_Клод"
2433028,"Смирнов,_Андрей_Вадимович"
2433722,"Паппас,_Джордж"
2444458,"Якапи,_Роомет"
2450267,"Ильин,_Виктор_Васильевич_(философ)"
2451120,"Вригт,_Георг_Хенрик_фон"
2451274,"Вайда,_Михай"
2457314,"Гусейнов,_Гейдар_Наджаф_оглы"
2484585,"Ванини,_Джулио_Чезаре"
2491111,"Смирнов,_Георгий_Лукич"
2492381,"Неер,_Андре"
2503075,"Спиркин,_Александр_Георгиевич"
2512542,"Теплов,_Григорий_Николаевич"
2518585,"Кузнецов,_Виталий_Николаевич"
2520092,"Ингарден,_Роман"
2531730,"Симондон,_Жильбер"
2535839,"Симон,_Жюль"
2554722,"Дасгупта,_Сурендранатх"
2557605,"Гусейнзаде,_Али-бек_Гусейн_оглы"
2557824,"Герц,_Маркус"
2564910,"Гемпель,_Карл_Густав"
2578718,"Мостерин,_Хесус"
2579764,"Франки,_Авзонио"
2581951,"Боррадори,_Джованна"
2583445,"Лапин,_Николай_Иванович"
2590577,"Уотс,_Алан"
2601178,Кшемараджа
2604621,"Бржезина,_Отокар"
2607237,"Маркович,_Светозар_(социалист)"
2610142,"Лодий,_Пётр_Дмитриевич"
2631978,"Колесников,_Анатолий_Сергеевич"
2635368,"Мур,_Чарльз_Александр"
2636869,"Раджу,_Пулла_Тирупати"
2640108,"Степанянц,_Мариэтта_Тиграновна"
2640493,"Либбрехт,_Ульрих"
2641994,"Юлен,_Мишель"
2651562,"Кузнецов,_Владимир_Иванович_(химик)"
2653066,"Бен-Шломо,_Йосеф"
2655525,Фаний_Эресский
2670145,"Нарбони,_Моше"
2674462,"Бек,_Лео"
2681830,Давид_Динанский
2684555,Гай_Музоний_Руф
2684848,Аполлодор_из_Селевкии
2685846,Шридхара_Госвами
2686311,Антипатр_из_Тарса
2686313,Антипатр_из_Тира
2686338,Гикет_Сиракузский
2686343,Архедем_из_Тарса
2686382,Аристон_Хиосский
2686417,Боэт_Сидонский_(стоик)
2686441,Дионисий_Киренский
2686562,Дионисий_Гераклейский
2686705,Персей_из_Кития
2686962,Сфер_Боспорский
2687073,Герилл_Карфагенский
2687197,Мнесарх
2687323,Гекатон_Родосский
2688095,Диодот_(философ)
2688131,Дардан_Афинский
2688206,Афинодор_Кананит
2688275,"Гусаев,_Магомедсалих_Магомедович"
2688347,Секст_Херонейский
2688482,Гиерокл_(стоик)
2688562,Евфрат_(философ)
2688670,Квинт_Юний_Рустик
2688835,Афинодор_Кордилион
2688953,Аристокреон
2689058,Квинт_Луцилий_Бальб
2689893,"Пружинин,_Борис_Исаевич"
2690731,"Трёльч,_Эрнст"
2691221,Эсхин_из_Сфетта
2691523,Гермоген_(философ)
2691570,Филон_из_Лариссы
2691603,Нумений
2691679,Метродор_Хиосский
2693328,"Крохмал,_Нахман"
2693496,Калликл
2693552,Стильпон_из_Мегары
2694844,Агриппа_(скептик)
2695139,Метродор_из_Лампсака_(старший)
2695145,Метродор_из_Лампсака_(младший)
2696408,Филодем_из_Гадары
2696601,Метродор_Стратоникейский
2697002,Андроник_Родосский
2697065,Анникерид_из_Кирены
2697137,Менедем_из_Эретрии
2697322,Боэт_Сидонский_(перипатетик)
2698898,Аристон_с_Кеоса
2699304,Диагор_Мелосский
2700902,Кроний
2701317,Эномай_из_Гадары
2701383,Федр_(эпикуреец)
2701428,Аполлодор_(эпикуреец)
2701621,Анаксарх
2701796,Сотион_из_Александрии
2701983,Навсифан
2702265,Аристотель_из_Митилены
2702393,Бронтин_из_Метапонта
2703069,Созиген_(перипатетик)
2703255,Аспасий
2703494,Асклепиодот_Александрийский
2704236,"Тресков,_Нильс"
2706085,Александр_из_Эг
2706341,Александр_Полигистор
2706643,Антисфен_с_Родоса
2706654,Аристон_из_Александрии
2706701,Асклепиад_из_Флиунта
2706971,Аристобул_Александрийский
2707342,Аэтий_(доксограф)
2707924,Генрих_Гентский
2708121,Сосикрат
2709984,Федон_из_Элиды
2712348,Дамо_(философ)
2712563,"Батлер,_Джудит"
2712869,Арета_Киренская
2713095,Аристипп_Младший
2713832,Феодор_из_Кирены_(философ)
2714344,"Адикес,_Эрих"
2714910,"Цапффе,_Петер_Вессель"
2715197,Архелай_(философ)
2715597,Ликофрон_(софист)
2717609,Симеон_Джугаеци
2719019,Полемон_(схоларх)
2719201,"Кузнецов,_Борис_Григорьевич"
2719655,"Кауфман,_Вальтер_(философ)"
2720383,Алкидамант
2721924,"Азаис,_Пьер_Гиацинт"
2722509,"Трентовский,_Бронислав_Фердинанд"
2723622,"Макинтайр,_Аласдер"
2724349,Гермарх
2724667,Ликон_из_Троады
2736900,Полистрат
2737088,Фридугис
2742911,"Хяурю,_Матти"
2746019,Александр_Гэльский
2746982,"Лессинг,_Теодор"
2747346,"Смит,_Джон_(философ)"
2747998,"Древс,_Артур"
2752435,Филон_из_Мегары
2752501,"Козлов,_Алексей_Александрович_(философ)"
2752851,"Алер,_Пауль"
2755185,Уильям_из_Шервуда
2759064,"Плокке,_Готфрид"
2765922,"Гюнтер,_Готхард"
2768222,Колот_из_Лампсака
2781330,"Хинтикка,_Яакко"
2781444,"Кюльпе,_Освальд"
2786510,Максим_Тирский
2788706,"Ознобкина,_Елена_Вячеславовна"
2791852,"Даммит,_Майкл"
2792572,"Иванов,_Геннадий_Михайлович"
2792951,Алкиной_(философ)
2800755,Юктешвар
2803852,"Бурлей,_Вальтер"
2804178,"Акудович,_Валентин_Васильевич"
2816526,"Гаутама,_Акшапада"
2818329,"Кита,_Икки"
2829082,"Варки,_Бенедетто"
2829815,Чекко_д’Асколи
2837432,Аммоний_Александрийский
2844477,"Рубин,_Эдгар"
2846153,"Глазерсфельд,_Эрнст_фон"
2846639,"Питуа,_Жан-Батист"
2847671,"Праг,_Яп_ван_(политик)"
2849242,"Крем,_Бенджамин"
2855689,"Райхенбах,_Ханс"
2868460,"Луппол,_Иван_Капитонович"
2870826,"Попович,_Мирослав_Владимирович"
2898877,"Федье,_Франсуа"
2899113,"Бофре,_Жан"
2902514,"Вайн,_Теодор_Шервин"
2902593,"Дранж,_Майкл_Теодор"
2905191,"Мартин,_Майкл"
2905277,"Смит,_Джордж_Гамильтон"
2906522,"Твардовский,_Казимир"
2907409,Аидзава_Сэйсисай
2920617,"Легенгаузен,_Гэри_Карл"
2927657,Тисий
2928284,"Леру,_Пьер"
2935150,"Хартсхорн,_Чарльз"
2937795,"Санчес_Васкес,_Адольфо"
2937867,"Сакристан,_Мануэль"
2938838,"Патрици,_Франческо"
2939871,"Гордон,_Аарон_Давид"
2940648,Иккю_Содзюн
2942212,"Мандзолли,_Пьер-Анджело"
2946186,"Гитон,_Жан_(философ)"
2946429,"Нисида,_Китаро"
2947875,"Кузен,_Виктор"
2947984,"Кларк,_Сэмюел"
2948846,"Уэвелл,_Уильям"
2952546,"Левицкий,_Иосиф_Васильевич"
2960572,"Сабунде,_Раймунд_де"
2960631,"Розмини-Сербати,_Антонио"
2963165,"Дженовези,_Антонио"
2963210,"Розеншток-Хюсси,_Ойген"
2963678,"Нойзер,_Вольфганг"
2963689,"Перниола,_Марио"
2963971,"Джойя,_Мельхиор"
2965014,"Лившиц,_Владимир_Моисеевич"
2965065,"Галуппи,_Паскуале"
2965447,"Мамиани_делла_Ровере,_Теренцио"
2965593,"Ферри,_Луиджи"
2965658,"Спавента,_Бертрандо"
2965786,"Вера,_Аугусто"
2965841,"Холл,_Мэнли_Палмер"
2971319,"Апельт,_Эрнст_Фридрих"
2972599,"Комиссаров,_Гурий_Иванович"
2974257,"Рабосси,_Эдуардо"
2979231,"Несмелов,_Виктор_Иванович"
2990712,"Преображенский,_Василий_Петрович"
3009565,"Николаев,_Пётр_Петрович"
3011726,"Леони,_Бруно"
3012216,"Васецкий,_Григорий_Степанович_(философ)"
3014308,"Семковский,_Семён_Юльевич"
3019995,Сушрута
3029679,"Путятин,_Николай_Абрамович"
3030756,"Лекторский,_Владислав_Александрович"
3037275,"Коттуниос,_Иоаннис"
3057348,"Герштейн,_Михаил_Львович"
3061772,"Шиманьская,_Беата"
3062573,"Сарновский,_Стефан"
3069020,"Целищев,_Виталий_Валентинович"
3072740,"Дугин,_Александр_Гельевич"
3075364,"Хвостов,_Вениамин_Михайлович"
3079011,"Сеземан,_Василий_Эмильевич"
3115759,Цзэн-цзы
3120134,Патрон_(эпикуреец)
3122712,Леви_бен_Авраам_бен_Хаим
3122886,"Шерозия,_Аполлон_Епифанович"
3124349,"Дэнси,_Джонатан"
3129672,"Оссовская,_Мария"
3131105,"Аттербум,_Пер_Даниель_Амадеус"
3141336,Ксениад
3153477,"Ахенвалль,_Готфрид"
3165137,Ю_Жо
3165233,"Акиллини,_Клавдио"
3170244,"Геснер,_Саломон_(теолог)"
3174174,Георгий_Пахимер
3178161,"Садр,_Муса"
3180560,"Друсковиц,_Хелена_фон"
3182690,"Егоров,_Анатолий_Григорьевич"
3186097,"Закс,_Шнеер_(Сениор)"
3187939,"Стобеус,_Килиан"
3190307,Сатпрем
3194451,"Ришар,_Шарль-Луи"
3203413,"Тагор,_Дебендранатх"
3204068,"Дагестани,_Казем"
3205413,"Агасси,_Джозеф"
3212527,"Грин,_Томас_Хилл"
3214980,"Котарбинский,_Тадеуш"
3217460,"Кнорр_фон_Розенрот,_Христиан"
3219713,"Коррея_да_Серра,_Жозе_Франсишку"
3220540,"Крашшо,_Миклош"
3221404,"Энгельмейер,_Пётр_Климентьевич"
3223412,Днянешвар
3230703,"Росси,_Азария_де"
3231917,"Саваркар,_Винаяк_Дамодар"
3235905,"Хенке,_Тадеаш"
3236070,"Хайне,_Фридрих_Готтлоб"
3236677,"Налётов,_Игорь_Зиновьевич"
3237976,"Нанси,_Жан-Люк"
3241652,"Гусев,_Станислав_Сергеевич"
3243732,"Латини,_Брунетто"
3247568,"Марешаль,_Пьер_Сильвен"
3249106,"Томазий,_Христиан"
3249660,"Нежон,_Жак_Андре"
3252566,"Демпф,_Алоис"
3257327,"Тейлор,_Чарльз_Маргрейв"
3257579,Махди_Амель
3262158,"Ноймарк,_Давид"
3263937,Наджм_ад-дин_Кубра
3265113,"Джерратана,_Валентино"
3266045,"Лабика,_Жорж"
3266988,"Каменка,_Ойген"
3267122,"Окен,_Лоренц"
3274637,"Лейбович,_Йешаяху"
3280074,"Югай,_Герасим_Андреевич"
3280218,"Кортунов,_Вадим_Вадимович"
3280301,"Дьяков,_Александр_Владимирович"
3281343,"Гудмен,_Нельсон"
3296602,"Иригарей,_Люс"
3300831,"Марквард,_Одо"
3303826,"Лукьянов,_Анатолий_Евгеньевич"
3305335,"Майданский,_Андрей_Дмитриевич"
3308188,"Мальдине,_Анри"
3322516,"Крымский,_Сергей_Борисович"
3328089,"Цёллер,_Гюнтер_(философ)"
3330523,"Вольней,_Константин_Франсуа"
3331886,"Дюпюи,_Шарль-Франсуа"
3333490,Рагхунатха_Широмани
3339807,"Мусянокодзи,_Санэацу"
3348489,"Кодалле,_Клаус_Михаэль"
3352848,"Ильин,_Арчжил_Якимович"
3356863,"Крылов,_Александр_Николаевич"
3357273,"Лонг,_Родерик_Трейси"
3361973,Аделард_Батский
3363494,Цзы-гао
3369470,"Бильфингер,_Георг_Бернгард"
3372358,Абу-ль-Баракат_аль-Багдади
3374113,Тэнсин_Реб_Андерсон
3381045,"Субири,_Ксавьер"
3381151,"Конгрив,_Ричард"
3382212,Идей_Гимерийский
3396577,"Дюфрен,_Микель"
3396858,"Лесьневский,_Станислав"
3412674,"Кенни,_Энтони"
3426193,"Тетенс,_Иоганн_Николас"
3429793,Клеобулина
3444638,"Цешковский,_Август"
3447872,"Волкогонова,_Ольга_Дмитриевна"
3466356,"Бигеев,_Муса_Яруллович"
3473389,"Энском,_Элизабет"
3473884,"Гваттари,_Феликс"
3485999,"Ван_Бреда,_Герман_Лео"
3490797,"Ельмеев,_Василий_Яковлевич"
3499545,"Митрохин,_Лев_Николаевич"
3501100,"Говард,_Эбенизер"
3517221,Буддхадаса
3517590,"Фестюжьер,_Андре-Жан"
3520578,"Бек,_Христиан_Даниель"
3525374,"Махан,_Тибор"
3526307,"Леруа,_Жан-Франсуа"
3536399,Демокед
3542426,"Шпрангер,_Эдуард"
3545234,Хармад
3548550,"Грайс,_Герберт_Пол"
3564456,"Паланте,_Жорж"
3565857,"Онфре,_Мишель"
3567393,Гегесин_Пергамский
3569021,"Касавин,_Илья_Теодорович"
3574222,"Лебедев,_Сергей_Александрович_(философ)"
3585481,"Бэн,_Александр"
3591319,"Йоэль,_Карл_(философ)"
3592496,"Уэст,_Корнел"
3618804,"Харман,_Грэм"
3619092,"Грант,_Иан_Гамильтон"
3619792,"Злобин,_Наль_Степанович"
3629946,"Лейбнюц,_Фридрих"
3644430,"Бельо,_Андрес"
3644772,"Эдельман,_Иоганн_Христиан"
3650727,"Селивачёв,_Алексей_Фёдорович"
3652067,"Гренье,_Жан"
3660854,"Мюнстерберг,_Гуго"
3663459,Аарон_(врач)
3663481,"Асимов,_Мухамед_Сайфитдинович"
3667660,"Фарбер,_Марвин"
3668505,Лисид
3671815,"Ландгребе,_Людвиг"
3684197,"Муфф,_Шанталь"
3697949,"Ильин,_Владимир_Николаевич_(философ)"
3703036,"Мид,_Джордж_Роберт_Стоу"
3704289,"Гановский,_Сава"
3704952,"Михалчев,_Димитр"
3710207,"Байер,_Ян"
3711871,"Илиев,_Атанас"
3712500,"Сарыилиев,_Иван"
3713733,"Яслинский,_Андрей"
3714941,"Маркович,_Франьо"
3716746,"Легович,_Ян"
3722229,Полемон_Илионский
3727520,"Кожевников,_Владимир_Александрович"
3738999,"Филипович,_Владимир"
3741843,"Любимова,_Татьяна_Борисовна"
3743427,Войцех_из_Брудзева
3745387,"Лавель,_Луи"
3747041,Гуань_Чжун_(легист)
3751974,"Спокойный,_Леонтий_Феликсович"
3754377,"Гёффдинг,_Харальд"
3762685,"Каган,_Матвей_Исаевич"
3770997,"Брилья-Саварен,_Жан_Антельм"
3779687,"Штумпф,_Карл"
3790561,"Вейсс,_Франсуа-Родольф"
3791023,"Кузнецов,_Иван_Васильевич"
3791563,"Томпсон,_Патрисия"
3792539,"Чинский,_Чеслав_Иосифович"
3795089,"Мёбес,_Григорий_Оттонович"
3795547,Шэнь_Бухай
3803176,Ли_Чжи
3804653,Иоанн_Майраванеци
3808481,"Стросон,_Питер_Фредерик"
3809223,"Энджелл,_Джеймс"
3813560,"Готье,_Жюль_де"
3813711,"Заневский,_Анджей"
3821875,"Казначеев,_Пётр_Михайлович"
3828518,"Касо,_Антонио"
3829162,Антипатр_из_Кирены
3836083,"Кафка,_Густав"
3843210,"Гиляров-Платонов,_Никита_Петрович"
3845928,"Будде,_Иоганн_Франц"
3846120,"Панненберг,_Вольфхарт"
3847467,"Буева,_Людмила_Пантелеевна"
3850666,"Рэ,_Пауль"
3853848,"Бергер,_Давид_(теолог)"
3856287,"Крайфт,_Питер"
3861245,"Корыцкий,_Кароль_Флориан"
3863360,"Доманевский,_Юзеф"
3865351,"Позов,_Авраам_Самуилович"
3868292,"Гартли,_Дэвид"
3877630,"Троицкий,_Матвей_Михайлович"
3877791,"Селларс,_Уилфрид"
3881188,"Ларше,_Жан-Клод"
3889095,"Брайтмен,_Эдгар_Шеффилд"
3891430,"Сметана,_Августин"
3912699,"Тверитинов,_Дмитрий_Евдокимович"
3916209,"Гессен,_Сергей_Иосифович"
3918539,"Расторгуев,_Валерий_Николаевич"
3928737,"Ройс,_Джосайя"
3940508,"Вельмер,_Альбрехт"
3940839,"Пачовский,_Василий_Николаевич"
3943042,"Целмс,_Теодорс"
3944692,"Брянцев,_Андрей_Михайлович"
3947572,"Инан,_Абдулкадир"
3955152,"Уиздом,_Джон"
3956573,"Ревель,_Жан-Франсуа"
3956799,"Плантинга,_Алвин_Карл"
3967225,"Лефевр,_Андре_(философ)"
3971925,"Васильев,_Вадим_Валерьевич"
3978545,Аштавакра
3985736,Ломаша
3989925,"Черчленд,_Патриция_Смит"
3990627,"Крупский,_Адам"
3995440,"Д’Ормессон,_Жан"
4023483,"Вырубов,_Григорий_Николаевич"
4035796,"Зандер,_Лев_Александрович"
4047076,"Фишер,_Фридрих_Теодор"
4050640,"Ланге,_Карл_Георг"
4051756,"Либрукс,_Бруно"
4057818,"Гранин,_Юрий_Дмитриевич"
4062502,"Прайс,_Ричард"
4062504,"Лафорж,_Луи_де"
4064200,"Лашелье,_Жюль"
4092573,"Барулин,_Владимир_Семёнович"
4095918,"Франк,_Себастьян"
4096165,Эттейлла
4099168,"Аргульоль,_Рафаэль"
4099198,"Перов,_Юрий_Валерианович"
4100319,"Марахов,_Владимир_Григорьевич"
4100628,"Свидерский,_Владимир_Иосифович"
4102992,"Никандров,_Пётр_Федотович"
4103832,"Долар,_Младен"
4108024,"Копцева,_Наталья_Петровна"
4113148,"Жуковский,_Владимир_Ильич"
4118905,"Кьюпитт,_Дон"
4135905,"Агаев,_Ахед_Гаджимурадович"
4168630,"Константинов,_Фёдор_Васильевич"
4171541,"Басси,_Лаура"
4173750,"Мишле,_Карл"
4176324,"Бек,_Филипп"
4180487,"Каринский,_Владимир_Михайлович"
4180498,"Копнин,_Павел_Васильевич"
4180709,"Штепа,_Вадим_Владимирович"
4184127,"Анисимов,_Олег_Сергеевич"
4184785,"Горичева,_Татьяна_Михайловна"
4201107,Пэй_Вэй
4213573,"Вальтер,_Бальтазар"
4214994,"Картер,_Алан_Брайан"
4216084,"Левицкий,_Сергей_Александрович"
4222696,"Володин,_Александр_Иванович"
4222957,"Дельф,_Гуго_Генрих"
4236582,Эней_Газский
4237435,Аджита_Кесакамбала
4244571,Цзы-вэй
4249252,"Гендин,_Александр_Моисеевич"
4250433,"Хофф,_Бенджамен"
4252924,"Ремизов,_Михаил_Витальевич"
4268531,"Бочкарёв,_Николай_Иванович"
4272267,"Куклярский,_Фёдор_Фёдорович"
4277782,"Де_Лазари,_Ия"
4278458,"Перельман,_Хаим"
4280361,"Аванесов,_Сергей_Сергеевич"
4293994,"Латыпов,_Линар_Наильевич"
4296097,Николай_из_Отрекура
4308433,"Мориц,_Карл_Филипп"
4319258,"Конт-Спонвиль,_Андре"
4321251,"Гиппель,_Теодор_Готлиб_фон"
4325764,"Шрагин,_Борис_Иосифович"
4326370,"Малинов,_Алексей_Валерьевич"
4341477,"Молчанов,_Виктор_Игоревич"
4347124,"Харт,_Герберт"
4351376,"Суинбёрн,_Ричард"
4358176,"Коллин,_Родни"
4360497,"Рылло,_Максимилиан_Станислав"
4381785,"Булич,_Николай_Никитич"
4382207,Авраам_ибн_Дауд
4385156,"Самнер,_Уильям_Грэм"
4385213,"Баскин,_Марк_Петрович"
4407026,"Бострём,_Кристофер_Якоб"
4407644,"Альберт,_Ханс"
4413224,"Павленко,_Юрий_Витальевич"
4418063,Гимерий
4430875,"Блондель,_Морис"
4432148,"Тростников,_Виктор_Николаевич"
4432619,"Шинкарук,_Владимир_Илларионович"
4434202,"Бозанкет,_Бернард"
4434223,"Болланд,_Герардус"
4443062,"Снегирёв,_Вениамин_Алексеевич"
4443091,"Срезневский,_Иосиф_Евсеевич"
4445070,"Агацци,_Эвандро"
4446943,"Жувенель_дез_Юрсен,_Бертран_де"
4448278,"Шмидт,_Альфред_(философ)"
4452941,"Фотопулос,_Такис"
4458858,"Робине,_Жан_Батист_Рене"
4460504,"Гюйо,_Жан_Мари"
4469246,Гу_Яньу
4477206,"Лисеев,_Игорь_Константинович"
4503568,"Толстых,_Валентин_Иванович"
4503695,"Жукоцкий,_Владимир_Дмитриевич"
4505677,"Розов,_Михаил_Александрович"
4511774,"Бассо,_Себастьян"
4517049,"Такельс,_Брюно"
4522361,"Сото,_Доминго_де"
4525511,"Болдачёв,_Александр_Владимирович"
4526814,Ибн_ар-Раванди
4528312,"Калиниченко,_Владимир_Валентинович"
4530775,"Шмаленбах,_Герман"
4533865,"Денисов,_Сергей_Фёдорович"
4538775,Ли_Ик
4542212,"Брутян,_Георг_Абелович"
4547441,"Шевре,_Жан"
4547952,"Зеленов,_Лев_Александрович"
4550539,"Владимиров,_Александр_Анатольевич"
4550761,"Суханов,_Иван_Васильевич"
4550801,"Черняков,_Алексей_Григорьевич"
4555007,"Хатиби,_Абделькебир"
4555652,"Понтович,_Эдуард_Эдуардович"
4562647,"Клейн,_Джейкоб"
4567418,Шамс_ад-Дин_Тебризи
4577704,"Соловьёв,_Тимофей_Петрович"
4580575,"Паульсен,_Фридрих"
4583015,Бернард_Сильвестр
4592101,"Богатов,_Виталий_Васильевич"
4598316,"Попов,_Михаил_Васильевич_(учёный)"
4601628,"Сергеев,_Михаил_Юрьевич"
4605249,Пётр_Ауреоли
4611145,"Тейхмюллер,_Густав"
4613702,"Суханцева,_Виктория_Константиновна"
4614435,"Озе,_Яков_Фридрихович"
4614533,"Гесс_де_Кальве,_Густав_Густавович"
4624310,"Гейде,_Иоганн_Эрих"
4625081,"Окада,_Такэхико"
4625505,"Деревянко,_Константин_Васильевич"
4628431,"Вебер,_Мишель"
4630060,"Спивак,_Гаятри_Чакраворти"
4631070,"Баньковский,_Лев_Владимирович"
4633883,"Гойш,_Дамиан_де"
4635091,"Миколейко,_Збигнев"
4654529,Аконцио
4655974,"Ершов,_Геннадий_Леонидович"
4661000,"Ральцевич,_Василий_Никифорович"
4661131,"Копосов,_Николай_Евгеньевич"
4670172,"Чалоян,_Вазген_Карпович"
4670204,"Вацудзи,_Тэцуро"
4675865,Дев_Атма
4676525,"Тейлор,_Альфред_Эдвард"
4677473,"Левин,_Иосиф_Давыдович_(юрист)"
4678626,"Лахбаби,_Мухаммед_Азиз"
4684357,Менодот_из_Никомидии
4685277,Анания_Нарекаци
4691189,"Табатабаи,_Джавад"
4691573,"Валле,_Жоффруа"
4701231,"Чижевский,_Дмитрий_Иванович"
4711538,"Штеффен,_Альберт"
4719224,"Сидонский,_Фёдор_Фёдорович"
4721249,"Гиляров,_Алексей_Никитич"
4733317,"Вирно,_Паоло"
4737991,"Хоннет,_Аксель"
4741011,"Ябло,_Стефан"
4748044,"Гумбрехт,_Ханс_Ульрих"
4764598,Ермий_Философ
4789939,"Санчес,_Франциско"
4798449,"Коэн,_Моррис_Рафаэль"
4809213,"Милликен,_Рут_Гарретт"
4817160,"Меламед,_Иосиф_Абрамович"
4828569,"Новицкий,_Орест_Маркович"
4843615,"Огнёв,_Александр_Иванович"
4849814,"Смоленцев,_Юрий_Михайлович"
4858437,"Мейн,_Джон"
4861591,Беда_Гриффитс
4863827,"Перевезенцев,_Сергей_Вячеславович"
4864566,Чжан_Бинлинь
4865562,Лю_Шипэй
4871283,Янь_Фу
4872916,"Шилкарский,_Владимир_Семёнович"
4879914,"Ягодинский,_Иван_Иванович"
4884370,"Портнов,_Александр_Николаевич"
4885771,"Куценко,_Владимир_Ильич"
4890218,"Стайич,_Васа"
4897208,"Данн,_Джон_Уильям"
4909249,Тьерри_Шартрский
4915096,"Болдуин,_Джеймс_Марк"
4916902,"Марцано,_Микела"
4922160,"Фримен,_Лоренс"
4923243,"Хёсле,_Витторио"
4924560,"Камаев,_Рашит_Бурханович"
4936131,"Молодцов,_Василий_Сергеевич"
4941461,"Гагарин,_Алексей_Петрович"
4949210,"Воронцов,_Алексей_Васильевич"
4957002,"Мунцень-и-Мане,_Федерика"
4960006,"Троицкий,_Александр_Яковлевич"
4960100,"Сеа,_Леопольдо"
4971787,"Алексеев,_Пётр_Васильевич"
4974830,Чжан_Дунсунь
4976333,"Пейли,_Уильям"
4983109,"Сол,_Джон_Ролстон"
4986548,"Шмидт,_Фёдор_Иванович"
4998291,"Хагер,_Курт"
5002871,"Огурцов,_Александр_Павлович"
5006728,"Кёбер,_Рафаэль_фон"
5008517,"Крейчи,_Франтишек"
5008608,"Верран,_Хелен"
5008655,"Волков,_Генрих_Николаевич"
5016971,Имран_Назар_Хосейн
5025583,"Арсеньев,_Анатолий_Сергеевич"
5028404,"Бергман,_Шмуэль_Хуго"
5029913,Сон_Джэги
5033808,"Мику-Клейн,_Самуил"
5038562,"Чубаров,_Игорь_Михайлович"
5044217,"Повен,_Шарль"
5045498,"Бонателли,_Франческо"
5062990,Фэн_Юлань
5065056,"Манеев,_Алексей_Климентьевич"
5067100,"Эрхард,_Андреас"
5067994,"Эрберг,_Антон_фон"
5083518,"Шад,_Иоганн_Баптист"
5084409,"Лус-и-Кабальеро,_Хосе_де_ла"
5092172,"Густафссон,_Ларс"
5092611,"Низолио,_Марио"
5093079,"Суворов,_Лев_Николаевич"
5099539,"Гейданек,_Ладислав"
5102528,"Мейер,_Юрген_Бона"
5102712,"Леви,_Пьер"
5102858,"Пирамович,_Гжегож"
5116740,"Куницын,_Георгий_Иванович"
5122117,Пак_Чивон
5122697,"Боц,_Август_Вильгельм"
5123162,"Сорбьер,_Самюэль"
5124019,"Гирнгайм,_Иероним"
5124480,"Вартофский,_Маркс"
5125942,"Гленвилл,_Джозеф"
5126770,"Гильдебранд,_Алиса_фон"
5145777,"Варьяш,_Шандор"
5149505,"Бранкович,_Константин"
5168357,Лу_Цзя
5179123,"Бреславский,_Михаил"
5187003,Доминик_Гундиссалин
5189276,"Дюкре,_Диан"
5200254,"Гест,_Дэвид"
5220972,"Науменко,_Лев_Константинович"
5227618,"Бурский,_Адам"
5231352,"Большов,_Дмитрий_Григорьевич"
5240628,"Окулов,_Александр_Фёдорович"
5247014,Виноба_Бхаве
5259565,"Пуарье,_Жермен"
5267598,"Степанов,_Василий_Иванович"
5272659,"Керд,_Эдуард"
5285575,"Лук,_Александр_Наумович"
5291864,"Михайлов,_Феликс_Трофимович"
5300041,"Сальг,_Жак_Бартелеми"
5305654,"Жуффруа,_Теодор_Симон"
5315722,"Милошевич,_Никола"
5321638,"Бочаров,_Вячеслав_Александрович"
5324167,"Кристеллер,_Пауль_Оскар"
5325697,"Дезами,_Теодор"
5331423,"Равессон,_Жан_Гаспар_Феликс"
5332715,"Аарон,_Ричард"
5337158,"Майер,_Генрих"
5337504,"Шифферс,_Евгений_Львович"
5343035,"Шовен,_Этьенн"
5349318,"Диноршоев,_Мусо_Диноршоевич"
5350786,"Розенгрен,_Матс"
5354233,"Сурий,_Лаврентий"
5355165,"Гефеле,_Карл-Йозеф"
5357383,Лоренцо_Скуполи
5358062,"Михневич,_Иосиф_Григорьевич"
5359451,Проэресий
5369104,"Эберштейн,_Вильгельм_Людвиг_Готтлоб_фон"
5369509,"Кэрролл,_Роберт_Тодд"
5372868,"Шпацир,_Иоганн_Готтлиб_Карл"
5373749,"Маркович,_Михайло"
5373885,"Шомэ,_Абраам"
5373978,"Бушнелл,_Джеффри"
5376650,"Шауманн,_Иоганн_Христиан_Готтлиб"
5377179,"Дрейфус,_Хьюберт"
5378165,"Бекан,_Мартин"
5379540,"Харих,_Вольфганг"
5381698,"Цванцигер,_Иоганн_Христиан"
5382344,"Штерн,_Виктор"
5388302,"Шарипов,_Сухроб_Ибронович"
5390443,"Алекперли,_Мамед_Кязим_Алекпер_оглы"
5398330,"Гавронский,_Дмитрий_Осипович"
5401846,"Смарт,_Джон"
5402484,"Великий,_Петр_Панфилович"
5405956,"Фронто,_Жан"
5406096,"Фаулер,_Томас_(богослов)"
5413888,"Феличиано,_Джованни_Бернардо"
5418733,"Унцер,_Иоганна_Шарлотта"
5427197,"Темберский,_Станислав"
5431596,"Хёнигсвальд,_Рихард"
5436340,Окакура_Какудзо
5441016,"Грав,_Жан"
5441040,"Арман,_Эмиль"
5442210,"Рейхлин-Мельдегг,_Карл_Александр_фон"
5442231,"Райф,_Якоб_Фридрих"
5442852,"Делиль_де_Саль,_Жан_Батист"
5446074,"Шване,_Йозеф"
5447814,"Продан,_Исидор_Саввич"
5447912,"Попков,_Юрий_Владимирович_(философ)"
5450656,"Берлаге,_Антоний"
5458427,"Штейнберг,_Аарон_Захарович"
5471598,"Пфицер,_Пауль"
5474566,Агван-Балдан
5475606,"Рабус,_Леонгард"
5483346,"Прантль,_Карл_фон"
5484688,"Портер,_Ной"
5485724,"Порцио,_Симоне"
5489055,Ким_Сонг_Кон
5493051,"Армстронг,_Дэвид"
5493244,"Булье,_Франциск"
5494410,Степанос_Лехаци
5494855,"Голосов,_Виктор_Федотович"
5495300,"Майер,_Борис_Олегович"
5498972,"Томашов,_Валерий_Васильевич"
5501205,"Пилати,_Карло_Антонио"
5561799,"Буонафеде,_Аппиан"
5599768,"Блонд,_Филлип"
5600022,"Хикс,_Стивен"
5603611,"Зауэрвайн,_Георг"
5603780,"Месяц,_Светлана_Викторовна"
5617447,"Навилль,_Эрнест"
5618719,"Гамильтон,_Уильям_(философ)"
5621018,"Сотонин,_Константин_Иванович"
5622796,"Оже,_Лазар"
5627692,"Яннопулос,_Периклис"
5631353,"Орнатский,_Сергей_Николаевич"
5637121,"Сокол,_Ян"
5639750,"Омейс,_Магнус_Даниэль"
5678444,"Олкотт,_Эймос_Бронсон"
5683324,"Хакинг,_Ян"
5695670,"Овчинников,_Николай_Фёдорович"
5696985,"Пикколомини,_Алессандро"
5701495,"Мацкевич,_Владимир_Владимирович_(философ)"
5706785,"Ануфриев,_Евгений_Александрович"
5710788,"Слинин,_Ярослав_Анатольевич"
5710919,"Муциан_Руф,_Конрад"
5714212,"Гизелер,_Иоганн_Карл_Людвиг"
5716364,"Люкке,_Фридрих"
5717603,"Данэм,_Берроуз"
5717903,Раймон_Абеллио
5718971,"Верховской,_Сергей_Сергеевич"
5719012,"Штейдлин,_Карл_Фридрих"
5720088,"Мейясу,_Квентин"
5724140,"Франк,_Густав_Вильгельм"
5725222,"Плитт,_Густав_Леопольд"
5728335,"Нич,_Карл_Иммануэль"
5729546,"Нич,_Фридрих_Август_Бертхольд"
5730098,"Дорнер,_Исаак_Август"
5730647,"Дессауэр,_Фридрих"
5733984,"Зайцев,_Андрей_Кириллович"
5736847,Поль_Седир
5787852,"Скворцов,_Лев_Владимирович"
5788450,"Риль,_Алоиз"
5789064,"Вишоватый,_Анджей"
5789662,"Стрельцов,_Анатолий_Степанович"
5801015,"Гайда,_Анатолий_Войцехович"
5831440,"Уолцер,_Майкл"
5851728,"Бургерсдейк,_Франко_Петри"
5879126,"Иваненков,_Сергей_Петрович"
5881972,"Стратеман,_Вильгельм"
5890310,"Корнфорт,_Морис"
5909415,"Алейник,_Раиса_Михайловна"
5918639,Гераклит_Грамматик
5926166,"Морселли,_Энрико"
5939462,"Серёжников,_Виктор_Константинович"
5943771,"Алексеев,_Валерий_Аркадьевич"
5948304,Чэн_Чжунъин
5956852,"Розенталь,_Марк_Моисеевич"
5962734,"Гродзиньский,_Эугениуш"
5963659,"Магун,_Артемий_Владимирович"
5974174,"Орлов,_Владимир_Вячеславович"
6006572,"Видеман,_Пауль_Генрих"
6077065,"Пи-и-Маргаль,_Франсиско"
6080748,"Пуччи,_Франческо"
6093063,"Смирнов,_Владимир_Александрович_(философ)"
6104837,"Фиске,_Джон_(философ)"
6119185,Кердон
6128936,"Льюис,_Дэвид_Келлогг"
6131180,"Глоговчик,_Ян"
6135095,"Рачинский,_Григорий_Алексеевич"
6146998,"Докучаев,_Илья_Игоревич"
6179493,"Каан,_Пьер"
6194684,"Якшич,_Дмитрий_Николаевич"
6200943,"Хаусхофер,_Альбрехт"
6211156,"Хоффер,_Эрик"
6214877,"Конверский,_Анатолий_Евгениевич"
6226295,"Йоас,_Ханс"
6232231,"Миджли,_Мэри"
6236278,"Грей,_Джон_Николас"
6245828,"Титов,_Владимир_Фёдорович_(философ)"
6250549,"Сакс,_Джонатан"
6250672,"Сиксу,_Элен"
6253773,"Лорбер,_Якоб"
6275051,Александр_из_Дамаска
6281195,Инь_Вэнь
6292891,Дамон_из_Афин
6298243,"Сэв,_Люсьен"
6298515,"Брюнсвик,_Леон"
6301240,"Рихта,_Радован"
6303968,Ли_Шандэ
6305352,Цзя_Цзэлинь
6315187,"Лесевич,_Владимир_Викторович"
6332595,"Мики,_Киёси"
6343204,"Резников,_Лазарь_Осипович"
6345000,"Канарский,_Анатолий_Станиславович"
6357350,"Ардиго,_Роберто"
6362231,"Бергман,_Эрнст_(философ)"
6363239,"Салтыков,_Александр_Александрович_(1872)"
6369046,"Банзен,_Юлиус"
6377580,"Гомперц,_Генрих"
6395053,"Шапиро,_Майкл_Джозеф"
6399416,"Ладивер,_Элиаш"
6412677,"Быховский,_Бернард_Эммануилович"
6412848,"Криштапович,_Лев_Евстафьевич"
6428291,"Шартье,_Эмиль"
6444154,"Левит,_Светлана_Яковлевна"
6446574,"Зелле,_Христиан_Готлиб"
6448165,"Андрущенко,_Виктор_Петрович"
6451127,"Перейра_Баррету,_Луис"
6452684,"Якоби,_Абраам"
6454052,"Донскис,_Леонидас"
6455947,"Де_Кастро,_Жозуэ"
6458115,"Дешан,_Леже-Мари"
6471239,"Гослицкий,_Лаврентий"
6478921,"Гостинский,_Отакар"
6479383,Сайф_ад-Дин_Бохарзи
6485953,"Гото,_Генрих_Густав"
6503375,"Мостепаненко,_Александр_Михайлович"
6508490,Цзинь_Юэлинь
6512608,"Новицкий,_Анджей"
6521235,"Эберхард,_Иоганн_Август"
6533860,"Михалевский,_Дмитрий_Васильевич"
6540126,"Гаен,_Антон_де"
6541562,"Тосака,_Дзюн"
6541878,"Седова,_Наталья_Николаевна"
6561747,"Флоренци,_Марианна"
6563389,"Дюран_де_Сен-Пурсен,_Гийом"
6564243,"Гейгер,_Лазарь"
6579727,"Тронти,_Марио"
6580924,"Гофман,_Франц_Карл"
6608821,"Пирс,_Дэвид_(философ)"
6617691,"Титаренко,_Инна_Николаевна"
6623079,"Марешаль,_Жозеф"
6637380,"Бирдсли,_Монро"
6638183,"Берман,_Яков_Александрович"
6648658,"Рипли,_Джордж_(проповедник)"
6649161,"Павлов,_Александр_Владимирович_(учёный)"
6654477,"Франк,_Адольф_(философ)"
6655797,"Скрутон,_Роджер"
6658962,"Дю-Прель,_Карл"
6664428,Гун_Цзычжэнь
6675886,"Дынов,_Петр"
6698619,"Шалкаускис,_Стасис"
6698637,"Мацейна,_Антанас"
6704457,"Хук,_Сидни"
6706218,"Шульц,_Иоганн_(математик)"
6714323,Юсиф_Карабаги
6715175,"Тоскано,_Альберто"
6724244,"Осипова,_Елена_Владимировна"
6736719,"Берлеант,_Арнольд"
6742657,"Анри,_Мишель"
6745197,"Вильман,_Отто"
6749211,"Стирлинг,_Джеймс_Хатчисон"
6750407,"Флюэллинг,_Ралф_Тайлер"
6762841,"Буассель,_Франсуа"
6769138,"Каваками,_Хадзимэ"
6771006,"Ди_Джакомо,_Джузеппе"
6774124,"Розова,_Сталина_Сергеевна"
6780986,"Шиллер,_Фердинанд_Каннинг_Скотт"
6794115,"Гриффин,_Дэвид_Рэй"
6818734,"Бойченко,_Иван_Васильевич_(философ)"
6827352,"Таха,_Махмуд_Мухаммед"
6850085,"Даттон,_Денис"
6859337,"Унгер,_Эрих"
6859491,"Палевич,_Милда"
6874768,"Блэк,_Макс"
6885268,"Горский,_Дмитрий_Павлович"
6886470,"Нарбут,_Казимир"
6887129,"Тристан,_Флора"
6887770,"Афанасьева,_Вера_Владимировна"
6894928,"Гапочка,_Павел_Никитович"
6894975,"Гарагашян,_Антон"
6895223,"Гарсиа_Моренте,_Мануэль"
6896614,"Хардинг,_Дуглас"
6940011,"Беккер,_Оскар_Иоахим"
6957149,"Бендавид,_Лазарус"
6959389,"Райт,_Криспин"
6968240,Михаил_Эфесский
6980016,Ян_Воленьский
6986251,Джалаладдин_Давани
6988029,"Дарьес,_Иоахим-Георг"
7005687,"Болин,_Вильгельм"
7022739,Абд_ар-Рахман_Бадави
7023433,"Титаренко,_Лариса_Григорьевна"
7029917,"Феррьер,_Джеймс_Фредерик"
7033995,"Дюфурмантель,_Анна"
7046037,"Харауэй,_Донна"
7046300,"Плант,_Сэди"
7051154,"Геккер,_Юлий_Фёдорович"
7051470,"Меллор,_Дэвид_Хью"
7056535,Калонимос_бен-Калонимос
7065909,"Пикте,_Адольф"
7091881,"Раз,_Иосеф"
7092562,"Алатлы,_Алев"
7106471,"Халибеус,_Генрих_Мориц"
7107978,"Бегелен,_Никола_де"
7114328,"Ле_Руа,_Эдуар"
7114714,"Никод,_Жан"
7114730,"Дили,_Джон"
7134225,"Фут,_Филиппа"
7137597,"Олизаровский,_Александр"
7147019,"Улькен,_Хильми_Зия"
7148114,"Рудинеско,_Элизабет"
7148322,Фан_Ичжи
7174764,"Абрахамс,_Джералд"
7215189,"Бальмес,_Хаиме_Лусиано"
7219864,"Лацарус,_Мориц"
7220975,"Йеше,_Готтлоб_Вениамин"
7221855,"Живанович,_Тома"
7226726,"Стенгерс,_Изабель"
7228730,"Вальдес,_Альфонсо_де"
7231060,"Ганс,_Эдуард"
7243502,"Киркисани,_Абу_Юсуф_Якуб"
7255738,"Тамошайтис,_Изидорюс"
7257602,"Молер,_Армин"
7268375,"Чаттертон-Хилл,_Джордж"
7271949,"Штрюмпель,_Людвиг"
7278591,"Дики,_Джордж"
7282332,"Зеки,_Семир"
7284042,Сюй_Юэ
7284208,"Шувакович,_Мишко"
7284441,"Каракоч,_Сезаи"
7284941,Юрико_Сайто
7285709,Марио_Коста
7285933,"Диссанайейк,_Эллен"
7286154,Воллхайм_Ричард
7286759,"Никишов,_Серафим_Иванович"
7297996,"Хаапала,_Арто"
7302537,"Эди,_Джеймс"
7303544,Фань_Чжэнь
7303677,Цзя_И
7319472,"Штейн,_Людвиг"
7331069,"Быстрицкий,_Евгений_Константинович"
7332101,"Кляйн,_Ханс-Дитер"
7335162,"Чухров,_Кети"
7340111,"Лаудэн,_Ларри"
7354337,Леонтион
7357836,"Даниус,_Сара"
7362535,"Василик,_Михаил_Алексеевич"
7368765,"Конуэй,_Энн"
7380236,"Мрувве,_Хусейн"
7380542,"Хюбнер,_Бенно"
7389728,"Люббе,_Герман"
7390904,"Бёме,_Гернот"
7396340,Сюй_Гань
7396450,Кан_Сэнхуэй
7396469,Дэн_Му
7396545,Цзицзан
7402007,"Меликов,_Аладдин_Мехман_оглы"
7402909,"Берг,_Лео"
7404049,"Финкельштейн,_Александр_Нахимович"
7404692,"Ребентиш,_Юлиана"
7410510,"Суворов,_Сергей_Александрович"
7412981,"Мелюхин,_Серафим_Тимофеевич"
7422757,Чжан_Байчунь
7424925,"Монрад,_Маркус_Якоб"
7427641,"Рябов,_Пётр_Владимирович_(философ)"
7429992,"Фрейденталь,_Яков"
7432992,"Свечников,_Геннадий_Александрович"
7448161,"Оздемир,_Мехмед_Ниязи"
7456395,"Бовель,_Шарль_де"
7466112,"Нельбек,_Иоганн"
7469834,"Динани,_Голам_Хосейн_Эбрахими"
7480280,"Ланд,_Ник"
7483766,"Лууре,_Андрес"
7500081,"Прието,_Луис_Хорхе"
7514577,Аполлоний_Халкедонский
7526493,"Гербер,_Густав"
7535889,"Тихомиров,_Павел_Васильевич"
7543956,"Михайлов,_Анатолий_Арсеньевич"
7553210,"Абрамов,_Александр_Иванович_(философ)"
7559498,Се_Улян
7566194,"Дуссель,_Энрике"
7596910,"Фортлаге,_Карл"
7611552,"Томпсон,_Уильям_(экономист)"
7633228,"Роиг,_Артуро_Андрес"
7643542,"Астрада,_Карлос"
7645694,Фэн_Дин
7653432,"Мортон,_Тимоти"
7663699,"Эльякуриа,_Игнасио"
7677669,"Брюне,_Клод"
7700466,"Шталь,_Фридрих_Юлиус"
7705025,"Геттнер,_Герман"
7705181,"Буллоу,_Эдвард"
7706487,"Мирошхина,_Наталия_Митрофановна"
7707472,"Тригг,_Дилан"
7708479,"Мериссэ,_Мартен"
7708716,"Таймни,_Икбал_Кишен"
7712040,"Волков,_Владимир_Николаевич_(учёный)"
7715279,"Андреева,_Лариса_Анатольевна"
7718730,"Сперанский,_Валентин_Николаевич"
7720007,"Эй,_Анри"
7722087,"Гафарова,_Мунзифа_Кахаровна"
7728051,"Альтузий,_Иоганн"
7734610,Тимоти_Бинкли
7739304,"Филмер,_Роберт"
7739918,"Такер,_Юджин"
7762146,"Кабеш,_Ярослав"
7769816,"Фонсека,_Педру_да"
7771390,"Толедо_Эррера,_Франсиско_де"
7777931,"Казанджиев,_Спиридон"
7781913,"Зигель,_Карл_(философ)"
7788719,Хон_Дэ_Ён
7799206,"Кронер,_Рихард"
7817081,"Байер,_Аннетт"
7822139,"Литт,_Теодор"
7828139,Бхасарваджня
7829039,"Гейзер,_Йозеф"
7831735,"Апацаи_Чере,_Янош"
7835541,"Крюгер,_Феликс"
7835576,"Сертильянж,_Антонен"
7835694,"Дрей,_Уильям"
7840556,"Бак-Морс,_Сьюзен"
7841123,"Вендлер,_Зено"
7841937,"Глой,_Карен"
7844635,"Биль,_Габриэль"
7847175,"Хэнни,_Аластер"
7850764,"Райнова,_Иванка"
7851994,"Руиг,_Филипп"
7862544,"Смулянский,_Александр_Ефимович"
7874797,"Крари,_Элис"
7875164,"Баух,_Бруно"
7875181,"Бердж,_Тайлер"
7878204,"Даймонд,_Кора"
7879950,"Фёллесдал,_Дагфинн"
7889986,"Кэвелл,_Стэнли"
7896410,"Гарсия_Барсена,_Рафаэль"
7907379,Франциск_Ван_Ден_Энден
7915672,"Маргалит,_Авишай"
7927983,"Деланда,_Мануэль"
7928016,"Хакер,_Питер"
7928091,"Гайгер,_Мориц"
7932757,Квази_Виреду
7941680,"Йерденфорс,_Питер"
7949295,Паоло_Венето
7970828,Телес_Мегарский
7974882,"Ленен,_Лазар"
7981301,"Шульце,_Готлоб_Эрнст"
7985150,"Гайденко,_Виолета_Павловна"
7996220,"Габихт,_Иоган_Генрих"
8007034,"Шор,_Айра"
8015298,"Топчу,_Нуреттин"
8015680,"Павлицкий,_Стефан"
8052235,"Кусжанова,_Ажар_Жалелевна"
8066262,"Рокко,_Антонио"
8078296,Баха_Тевфик
8091443,"Колчинский,_Эдуард_Израилевич"
8099407,"Ардао,_Артуро"
8127206,Матфей_из_Акваспарты
8128104,"Ситковский,_Евгений_Петрович"
8130210,"Талызин,_Матвей_Иванович_(педагог)"
8137546,Элий_Александрийский
8146768,"Кончевский,_Игнат_Владимирович"
8147206,Евстратий_Никейский
8147918,"Харт,_Дэвид_Бентли"
8152016,Джаячамараджендра_Водеяр
8154520,"Праду_Жуниор,_Каю"
8163779,"Четвериков,_Иван_Пименович"
8166711,"Кючюк,_Ялчин"
8167226,"Долан,_Пол_(учёный)"
8169163,"Бернери,_Камилло"
8170907,"Ванеев,_Анатолий_Анатольевич"
8172892,"Чаттопадхьяя,_Дебипрасад"
8182053,Бао_Шичэнь
8183772,"Каспи,_Иосиф"
8183957,"Дуран,_Профиат"
8184927,"Латиф,_Исаак"
8186991,"Алеманно,_Йоханан"
8191992,Ингэн
8199941,"Малкольм,_Норман"
8200077,"Дрецке,_Фред"
8212995,"Эбнер,_Фердинанд"
8222044,"Штарк,_Иоганн_Август_фон"
8225451,"Вольневич,_Богуслав"
8230131,"Шульц_фон_Ашераден,_Карл_Фридрих"
8236963,"Хессе,_Мэри_Бренда"
8241358,"Ландман,_Михаэль"
8251573,"Любовский,_Пётр_Михайлович"
8268850,"Гулиан,_Константин_Йонеску"
8269099,Чжан_Сюэчэн
8273237,"Конюфца,_Глаук"
8326395,"Кам,_Омер_Ферит"
8331782,"Батищев,_Степан_Петрович"
8339927,"Гутьеррес,_Густаво"
8346766,"Борисов,_Иван_Иванович"
8350405,"Самбук,_Иоганн"
8356595,Ли_И_(конфуцианство)
8358179,"Алеман,_Хорхе"
8364980,"Сибли,_Фрэнк"
8373886,"Ронелл,_Авиталь"
8374008,"Блэкберн,_Саймон"
8374627,"Аванесян,_Армен"
8383001,"Джарвис_Томсон,_Джудит"
8383089,"Пфаллер,_Роберт"
8384594,"Берман,_Маршалл"
8395032,"Железняк,_Владимир_Николаевич"
8395829,Ли_Хван
8400137,"Кайдалов,_Вячеслав_Андреевич"
8410128,"Юшкевич,_Павел_Соломонович"
8411554,"Оболевич,_Тереза"
8416698,"Сафиуллин,_Фандас_Шакирович"
8417878,Янь_Хуэй_(конфуцианство)
8421877,"Юлинац,_Павле"
8421956,Дуаньму_Цы
8422791,"Шермухамедова,_Нигинахон_Арслоновна"
8457001,"Архангельский,_Леонид_Михайлович"
8486380,"Коимбра,_Леонарду"
8486670,"Сен,_Кешобчондро"
8506670,"Сьютс,_Бернард_Герберт"
8517370,"Галеви,_Эли"
8526122,"Брене,_Жан-Батист"
8541466,"Зонтаг,_Карл_Готлоб"
8550632,"Авула,_Партасарати"
8555292,"Альгин,_Анатолий_Петрович"
8556189,Сачал_Сармаст
8570300,"Апухтина,_Нина_Георгиевна"
8570590,"Каэлас,_Александр_Ананиевич"
8575118,"Гортари,_Эли_де"
8578871,"Забеллевич,_Адам_Игнацы"
8580282,"Барреда,_Габино"
8592859,"Марголис,_Джозеф"
8593866,"Густи,_Димитрие"
8602987,"Огородников,_Владимир_Петрович"
8610928,"Баррету,_Тобиас"
8620252,"Грюн,_Карл_Теодор_Фердинанд"
8620935,"Дземидок,_Богдан"
8621048,Чэн_Сюаньин
8631321,"Кузнецов,_Валерий_Григорьевич"
8634740,Полиэн_из_Лампсака
8634760,Батида_из_Лампсака
8634768,Карниск
8634789,Идоменей_из_Лампсака
8634791,Фемиста_из_Лампсака
8634794,Леонтей_из_Лампсака
8634807,Филонид_из_Лаодикеи
8634812,Диоген_из_Тарса
8635016,Гай_Амафиний
8636910,"Куки,_Сюдзо"
8643617,"Геттиер,_Эдмунд"
8645195,"Осборн,_Гарольд"
8675579,"Акиндинова,_Татьяна_Анатольевна"
8683000,"Измирли,_Исмаил_Хаккы"
8692277,"Алим,_Махмуд_Амин"
8699294,Самуил_ибн-Царца
8700223,"Ратценхофер,_Густав"
8721576,"Митринович,_Димитрие"
8728354,Хамелеонт_Гераклейский
8729085,Терпсион
8732540,Джордж_Озава
8735252,Клеомброт_из_Амбракии
8754637,Херефонт
8762494,"Мецжер,_Элен"
8762522,"Мартиус,_Гедвиг"
8764486,Перегрин_Протей
8769161,Поликрат_(софист)
8772731,"Кастильон,_Фридрих"
8777433,"Ковалёв,_Сергей_Митрофанович"
8783095,"Браун_Блэкуэлл,_Антуанетта"
8783794,"Баумейстер,_Андрей_Олегович"
8784268,"Хиршфельд,_Кристиан_Кей_Лоренц"
8787481,"Лаккин,_Джанкарло"
8789990,"Пуллен_де_Ла_Барр,_Франсуа"
8790275,"Кель,_Мария_Рита"
8801889,"Искьердо,_Себастьян"
8806551,"Завьялова,_Маргарита_Павловна"
8812407,Пиндола_Бхарадваджа
8817621,"Хаджийский,_Иван"
8822270,"Капуто,_Джон"
8825610,"Редер,_Карл_Давид_Август"
8845196,"Чертков,_Виктор_Петрович"
8845259,"Трошин,_Денис_Михайлович"
8845286,"Леонов,_Михаил_Андреевич"
8845365,"Дудель,_Савва_Павлович"
8858203,"Штейн,_Артур"
8864345,"Мейер,_Лодевейк"
8866936,"Уильямс,_Дэвид_(философ)"
8878898,"Гак,_Григорий_Моисеевич"
8879144,"Триас,_Эухенио"
8881656,"Форлендер,_Карл"
8881695,"Шалютин,_Соломон_Михайлович"
8882142,"Мур,_Джеффри_Реджинальд_Гилкрист"
8894083,"Шелленберг,_Джон"
8904565,"Лазарев,_Феликс_Васильевич"
8913999,"Калкинс,_Мэри_Уитон"
8923393,Реза_Негарестани
8923819,Гопинатх_Кавирадж
8930073,"Еременко,_Александр_Михайлович"
8941594,"Броуди,_Сара_Джейн"
8945076,"Горнштейн,_Татьяна_Николаевна"
8947669,"Паркер,_Иан"
8949070,"Гейнце,_Макс"
8965442,Ибн_ас-Сид_аль-Баталявси
8966374,Самуил_бен-Иуда_ибн-Тиббон
8967129,"Лукьянов,_Борис_Георгиевич"
8971447,Шем-Тоб_ибн-Фалакера
8977253,"Попов,_Борис_Николаевич_(философ)"
8977486,"Киммел,_Майкл"
8977838,"Эннекен,_Эмиль"
8979122,"Вентура,_Джоакино"
8983994,Демонакт
8984592,"Плетников,_Юрий_Константинович"
8985001,Родриго_де_Арриага
8986042,Франсиско_де_Овьедо
8986611,"Поляков,_Александр_Прокофьевич"
8987495,Коимбрский_курс
8988496,"Кузнецова,_Татьяна_Викторовна"
9000169,Вирасена
9000764,Бенедикт_Перейра
9001484,Павел_Валлий
9003793,Хуан_Мартинес_де_Рипальда
9006164,"Бьянкани,_Джузеппе"
9006960,Антонио_Рубио
9025542,"Тевзадзе,_Гурам_Давидович"
9026865,"Гордезиани,_Рисмаг_Вениаминович"
9034983,Доминго_Баньес
9037580,"Цабан,_Изак"
9054182,"Вдовин,_Геннадий_Викторович"
9057558,"Бувресс,_Жак"
9071728,"Одуев,_Степан_Фёдорович"
9079242,"Сатершинов,_Бахытжан_Менлибекович"
9081501,"Шерфер,_Карл"
9083195,"Нифо,_Агостино"
9086399,"Кемеров,_Вячеслав_Евгеньевич"
9092089,"Гальцева,_Рената_Александровна"
9095346,"Ищенко,_Николай_Павлович"
9115892,"Ван_Инваген,_Питер"
9126379,"Гарцони,_Леонардо"
9127885,"Макалистер,_Линда_Лопес"
9129186,"Страхов,_Николай_Николаевич_(философ,_1852)"
9131131,"Евлампиев,_Игорь_Иванович"
9133651,"Фрэсс,_Женевьев"
9154749,Матеуш_Сальва
9154959,"Ониси,_Ёсинори"
9159293,"Грякалов,_Алексей_Алексеевич"
9164567,"Рау,_Альбрехт"
9167840,"Баммат,_Наджмуддин"
9168816,"Дудник,_Сергей_Иванович"
9187817,"Дуралы,_Теоман"
9202490,"Дадоян,_Сета"
9227113,"Карвалью,_Олаво"
9243288,"Мэшем,_Дамарис"
9249348,Франсиско_Суарес_Португальский
9251556,"Карпович,_Валентин_Никонович"
9256748,"Штерн,_Шамуэль"
9265973,"Нуаре,_Людвиг"
9275139,"Гваданьи,_Йожеф"
9284070,"Арнольд,_Томас_Уолкер"
9294056,"Стрельцова,_Галина_Яковлевна"
9301254,"Тапарелли,_Луиджи"
9437654,"Хакимов,_Эдвард_Муратович"
9442227,"Копп,_Йозеф"
9457444,"Дробницкий,_Олег_Григорьевич"
9792204,"Дорн,_Герхард"
9807631,"Рыскельдиева,_Лора_Турарбековна"
9830979,"Бардили,_Христоф_Готфрид"
9835325,"Банфи,_Антонио"
9835516,"Пачи,_Энцо"
9837668,"Берти,_Энрико"
9865387,"Шубарт,_Вальтер"
9875123,"Пикаве,_Франсуа"
9879962,"Комптон,_Томас_(философ)"
9886327,"Гогач,_Мечислав"
9886870,"Сидни,_Элджернон"
9908890,"Шептулин,_Александр_Петрович"
9909942,"Драйвер,_Джулия"
9909978,"Смит,_Тара"
9910027,"Броуди,_Барух"
9910764,"Фишер,_Марк"
9912800,"Уолтон,_Дуглас_Нил"
9918613,"Спирито,_Уго"
9919848,"Пикарди,_Ева"
9927787,Тимон_из_Афин
9950006,"Тёкеи,_Ференц"
9957130,"Быстров,_Владимир_Юрьевич"
9960040,"Вундт,_Макс"
9963903,"Кржнарик,_Роман"
9978343,Амрам_гаон
9983679,"Уилтон,_Томас"
9994852,"Якштас,_Адомас"
10000175,"Галеев,_Булат_Махмудович"
10003427,"Фолькманн_фон_Фолькмар,_Вильгельм"
10026694,Агапий_(философ)
10027516,"Горин-Галкин,_Владимир_Филиппович"
10031800,Грегорио_де_Валенсиа
10035137,"Мафтуни,_Надя"
10052724,"Дюментон,_Георгий_Георгиевич"
10062214,"Веласко,_Луиза_Сигея_де"
10062409,"Лоссиус,_Иоганн_Христиан"
10069932,"Блэр,_Хью"
10089565,"Дебеняк,_Божидар"
10104331,"Тренкер,_Генрих"
10129683,"Каччиаторе,_Джузеппе"
10135201,"Кармин,_Анатолий_Соломонович"
10150240,"Клейнпетер,_Ганс"
10156861,"Славов,_Иван"
10163957,"Лоранд,_Рут"
10169864,"Генщинская,_Алисия"
10172647,"Осборн,_Питер"
10176522,"Годфри-Смит,_Питер"
10179018,"Шпанн,_Отмар"
10184448,"Бандровский,_Бронислав"
10211861,"Езерский,_Феликс"
10214905,"Дубский,_Иван"
10229470,Ульрих_Страсбургский
10244948,"Агасински,_Сильвиана"
10253093,"Мудимбе,_Валентен-Ив"
10262633,"Брэндом,_Роберт"
10274895,"Бар-Он,_Дорит"
10288365,"Камнев,_Владимир_Михайлович"
10297270,Никарета_из_Мегары
10299566,"Фрейзер,_Нэнси"
10325287,Главкон_(философ)
10333559,"Энгельхардт,_Тристрам"
10333618,"Фридман,_Жорж"
10333956,"Фуллер,_Стив"
10334237,"Моханти,_Джитендра_Натх"
10335762,Полемарх_(философ)
10336043,"Брайдотти,_Рози"
10336378,Гиеракс
10336552,Тавр_Кальвен
10338660,"Грэм,_Энгьюс_Чарльз"
10343400,"Кузьмина,_Тамара_Андреевна"
10345937,"Вдовина,_Ирена_Сергеевна"
10348790,"Фор,_Себастьян"
10358548,"Берр,_Анри"
10381917,"Плюмахер,_Ольга"
10391227,"Эгингер,_Элиас"
10391794,"Магидор,_Офра"
10426546,"Хан,_Валерий_Сергеевич"
10428185,"Бюфье,_Клод"
10432208,"Плотников,_Николай_Сергеевич_(философ)"
10433656,"Фэй,_Жан-Пьер"
10443424,"Вайсман,_Фридрих"
10445090,"Рибейру,_Джамила"
10445107,"Фигейреду,_Жаксон_ди"
10451525,"Бевилакуа,_Кловис"
10453797,"Крус_Коста,_Жуан"
10463913,"Черняев,_Анатолий_Владимирович"
10483413,"Брадатан,_Костика"
10486044,"Варела,_Феликс"
10495253,"Хилти,_Карл"
10510753,Аммоний_(александрийский_монах)
10524984,"Жамбе,_Кристиан"
10526719,"Флэннери,_Кевин"
10526753,"Хюбнер,_Каролина"
10535327,"Жоливе,_Жан"
10539919,"Голович,_Радое"
10541502,Хан_Бён-Чхоль
10545909,"Ларомигьер,_Пьер"
10550035,"Шайбер,_Михаил_Максимович"
10550398,"Карев,_Николай_Афанасьевич"
10592892,"Бок,_Сиссела"
10603861,"Диас_Росото,_Хайме"
10609770,Пиппалада
10640444,"Констанчак,_Стефан"
10658262,"Дворкин,_Илья_Саулович"
10662276,"Белнап,_Ньюэл"
10664456,Никомах_(сын_Аристотеля)
10666354,"Льюис,_Кларенс_Ирвинг"
10679707,"Чаппелл,_Софи_Грейс"
10680756,"Маркова,_Людмила_Артемьевна"
10685091,"Ллойд,_Шэрон"
10685754,"Парсонс,_Чарлз_(философ)"
10701700,"Розенталь,_Сандра"
10702929,"Мансилья,_Уго_Сельсо_Фелипе"
10770468,"Янкелевич,_Владимир"
10774118,"Эберлин,_Пауль"
10783710,"Кальтенбруннер,_Герд-Клаус"
10784931,"Парфит,_Дерек"
10786400,"Боас,_Джордж"
10802448,"Зурабишвили,_Франсуа"
10812117,"Миш,_Георг"
10837507,"Поттер,_Келли"
10841058,"Раддик,_Сара"
10843144,"Ярош,_Киприан_Николаевич"
10845633,"Гарри,_Энн"
10884546,"Сако,_Хосе_Антонио"
10884567,"Маньяч,_Хорхе"
